﻿<?xml version="1.0" encoding="UTF-8"?>
<list xmlns:xsi="http://www.w3.org/2001/XMLSchema-instance" xsi:noNamespaceSchemaLocation="../xsd/buylist.xsd">
	<item id="736" price="600" /> <!-- Scroll of Escape -->
	<item id="737" price="3000" /> <!-- Scroll of Resurrection -->
	<item id="734" price="1800" /> <!-- Haste Potion -->
	<item id="735" price="3600" /> <!-- Potion of Alacrity -->
	<item id="1831" price="112" /> <!-- Antidote -->
	<item id="1833" price="112" /> <!-- Bandage -->
	<item id="1061" price="495" /> <!-- Healing Potion -->
	<item id="8786" price="7500" /> <!-- Primeval Potion -->
	<item id="8598" price="72000" /> <!-- Scroll: Recovery (Grade A) -->
	<item id="8599" price="120000" /> <!-- Scroll: Recovery (Grade S) -->
	<item id="8615" price="52500" /> <!-- Summoning Crystal -->
</list>
