﻿<?xml version="1.0" encoding="UTF-8"?>
<list xmlns:xsi="http://www.w3.org/2001/XMLSchema-instance" xsi:noNamespaceSchemaLocation="../xsd/buylist.xsd">
	<item id="955" price="0" /> <!-- Scroll: Enchant Weapon (Grade D) -->
	<item id="956" price="0" /> <!-- Scroll: Enchant Armor (Grade D) -->
	<item id="6575" price="0" /> <!-- Blessed Scroll: Enchant Weapon (Grade D) -->
	<item id="6576" price="0" /> <!-- Blessed Scroll: Enchant Armor (Grade D) -->
	<item id="957" price="0" /> <!-- Crystal Scroll: Enchant Weapon (Grade D) -->
	<item id="958" price="0" /> <!-- Crystal Scroll: Enchant Armor (Grade D) -->
	<item id="951" price="0" /> <!-- Scroll: Enchant Weapon (Grade C) -->
	<item id="952" price="0" /> <!-- Scroll: Enchant Armor (Grade C) -->
	<item id="6573" price="0" /> <!-- Blessed Scroll: Enchant Weapon (Grade C) -->
	<item id="6574" price="0" /> <!-- Blessed Scroll: Enchant Armor (Grade C) -->
	<item id="953" price="0" /> <!-- Crystal Scroll: Enchant Weapon (Grade C) -->
	<item id="954" price="0" /> <!-- Crystal Scroll: Enchant Armor (Grade C) -->
	<item id="947" price="0" /> <!-- Scroll: Enchant Weapon (Grade B) -->
	<item id="948" price="0" /> <!-- Scroll: Enchant Armor (Grade B) -->
	<item id="6571" price="0" /> <!-- Blessed Scroll: Enchant Weapon (Grade B) -->
	<item id="6572" price="0" /> <!-- Blessed Scroll: Enchant Armor (Grade B) -->
	<item id="949" price="0" /> <!-- Crystal Scroll: Enchant Weapon (Grade B) -->
	<item id="950" price="0" /> <!-- Crystal Scroll: Enchant Armor (Grade B) -->
	<item id="729" price="0" /> <!-- Scroll: Enchant Weapon (Grade A) -->
	<item id="730" price="0" /> <!-- Scroll: Enchant Armor (Grade A) -->
	<item id="6569" price="0" /> <!-- Blessed Scroll: Enchant Weapon (Grade A) -->
	<item id="6570" price="0" /> <!-- Blessed Scroll: Enchant Armor (Grade A) -->
	<item id="731" price="0" /> <!-- Crystal Scroll: Enchant Weapon (Grade A) -->
	<item id="732" price="0" /> <!-- Crystal Scroll: Enchant Armor (Grade A) -->
	<item id="959" price="0" /> <!-- Scroll: Enchant Weapon (Grade S) -->
	<item id="960" price="0" /> <!-- Scroll: Enchant Armor (Grade S) -->
	<item id="6577" price="0" /> <!-- Blessed Scroll: Enchant Weapon (Grade S) -->
	<item id="6578" price="0" /> <!-- Blessed Scroll: Enchant Armor (Grade S) -->
	<item id="961" price="0" /> <!-- Crystal Scroll: Enchant Weapon (Grade S) -->
	<item id="962" price="0" /> <!-- Crystal Scroll: Enchant Armor (Grade S) -->
</list>
