﻿<?xml version="1.0" encoding="UTF-8"?>
<list xmlns:xsi="http://www.w3.org/2001/XMLSchema-instance" xsi:noNamespaceSchemaLocation="../xsd/buylist.xsd">
	<item id="2505" price="0" /> <!-- Iron Canine -->
	<item id="3439" price="0" /> <!-- Shining Canine -->
	<item id="3902" price="0" /> <!-- Ghost Canine -->
	<item id="3903" price="0" /> <!-- Mithril Canine -->
	<item id="3904" price="0" /> <!-- Sylvan Canine -->
	<item id="3905" price="0" /> <!-- Orikarukon Canine -->
	<item id="3906" price="0" /> <!-- Fang of Saltydog -->
	<item id="2506" price="0" /> <!-- Wolf's Leather Armor -->
	<item id="3891" price="0" /> <!-- Wolf's Hide Armor -->
	<item id="3892" price="0" /> <!-- Wolf's Hard Leather Mail -->
	<item id="3893" price="0" /> <!-- Wolf's Wooden Armor -->
	<item id="3894" price="0" /> <!-- Wolf's Ring Mail -->
	<item id="3895" price="0" /> <!-- Wolf's Bone Armor -->
	<item id="3896" price="0" /> <!-- Wolf's Scale Male -->
	<item id="2515" price="0" /> <!-- Food For Wolves -->
	<item id="3920" price="0" /> <!-- Viperbite -->
	<item id="3921" price="0" /> <!-- Shadow Fang -->
	<item id="3922" price="0" /> <!-- Alya Fang -->
	<item id="3923" price="0" /> <!-- Torturer -->
	<item id="5187" price="0" /> <!-- Serpentine Grinder -->
	<item id="5188" price="0" /> <!-- Fang of Dahak -->
	<item id="5189" price="0" /> <!-- Crimson Blood Fang -->
	<item id="5190" price="0" /> <!-- Draconic Chopper -->
	<item id="5191" price="0" /> <!-- Diabolic Grinder -->
	<item id="3913" price="0" /> <!-- Hatchling's Scale Mail -->
	<item id="3914" price="0" /> <!-- Hatchling's Brigandine -->
	<item id="3915" price="0" /> <!-- Hatchling's Bronze Coat -->
	<item id="3916" price="0" /> <!-- Hatchling's Steel Coat -->
	<item id="5182" price="0" /> <!-- Hatchling's Gorgon Coat -->
	<item id="5183" price="0" /> <!-- Hatchling's Ophidian Plate -->
	<item id="5184" price="0" /> <!-- Hatchling's Crimson Plate -->
	<item id="5185" price="0" /> <!-- Hatchling's Draconic Plate -->
	<item id="5186" price="0" /> <!-- Hatchling's Inferno Plate -->
	<item id="4038" price="0" /> <!-- Food For Hatchling -->
	<item id="5176" price="0" /> <!-- Serpentine Spike -->
	<item id="5177" price="0" /> <!-- Drake Horn -->
	<item id="5178" price="0" /> <!-- Assult Alicorn -->
	<item id="5179" price="0" /> <!-- Draconic Slicer -->
	<item id="5180" price="0" /> <!-- Ohpdian Lance -->
	<item id="5181" price="0" /> <!-- Diamond Drill -->
	<item id="5170" price="0" /> <!-- Mithril Panzer Coat -->
	<item id="5171" price="0" /> <!-- Brigadine Panzer Coat -->
	<item id="5172" price="0" /> <!-- Draconic Panzer Coat -->
	<item id="5173" price="0" /> <!-- Blood Panzer Coat -->
	<item id="5174" price="0" /> <!-- Ophidian Panzer Coat -->
	<item id="5175" price="0" /> <!-- Inferno Panzer Coat -->
	<item id="5168" price="0" /> <!-- Food for Strider -->
	<item id="6645" price="0" /> <!-- Beast Soulshot -->
	<item id="6646" price="0" /> <!-- Beast Spiritshot -->
	<item id="6647" price="0" /> <!-- Blessed Beast Spiritshot -->
	<item id="7582" price="0" /> <!-- Baby Spice -->
	<item id="8541" price="0" /> <!-- Little Harness -->
</list>
