﻿<?xml version="1.0" encoding="UTF-8"?>
<list xmlns:xsi="http://www.w3.org/2001/XMLSchema-instance" xsi:noNamespaceSchemaLocation="../xsd/buylist.xsd">
	<item id="4888" price="0" /> <!-- Deadman's Staff - Magic Regeneration -->
	<item id="4889" price="0" /> <!-- Deadman's Staff - Mental Shield -->
	<item id="4890" price="0" /> <!-- Deadman's Staff - Magic Hold -->
	<item id="4891" price="0" /> <!-- Ghoul's Staff - Rsk. Evasion -->
	<item id="4892" price="0" /> <!-- Ghoul's Staff - Mana Up -->
	<item id="4893" price="0" /> <!-- Ghoul's Staff - Bodily Blessing -->
	<item id="4894" price="0" /> <!-- Demon's Staff - Magic Poison -->
	<item id="4895" price="0" /> <!-- Demon's Staff - Magic Weakness -->
	<item id="4896" price="0" /> <!-- Demon's Staff - Magic Chaos -->
	<item id="6719" price="0" /> <!-- Monster Only(Ketra Orc Chieftain) -->
	<item id="7716" price="0" /> <!-- Inferno Staff - Acumen -->
	<item id="7717" price="0" /> <!-- Inferno Staff - Magic Silence -->
	<item id="7718" price="0" /> <!-- Inferno Staff - Magic Paralyze -->
	<item id="197" price="0" /> <!-- Paradia Staff -->
	<item id="191" price="0" /> <!-- Heavy Doom Hammer -->
	<item id="192" price="0" /> <!-- Crystal Staff -->
	<item id="194" price="0" /> <!-- Heavy Doom Axe -->
	<item id="195" price="0" /> <!-- Cursed Staff -->
	<item id="198" price="0" /> <!-- Inferno Staff -->
	<item id="199" price="0" /> <!-- Pa'agrian Hammer -->
	<item id="200" price="0" /> <!-- Sage's Staff -->
	<item id="203" price="0" /> <!-- Pa'agrian Axe -->
	<item id="204" price="0" /> <!-- Deadman's Staff -->
	<item id="205" price="0" /> <!-- Ghoul's Staff -->
	<item id="206" price="0" /> <!-- Demon's Staff -->
</list>
