<?xml version="1.0" encoding="UTF-8"?>
<list xmlns:xsi="http://www.w3.org/2001/XMLSchema-instance" xsi:noNamespaceSchemaLocation="../xsd/buylist.xsd">
	<item id="8873" price="0" /> <!-- Phoenix Blood -->
	<item id="8874" price="0" /> <!-- Einhasad's Holy Water -->
	<item id="8875" price="0" /> <!-- Battle Symbol -->
	<item id="8876" price="0" /> <!-- Magic Symbol -->
	<item id="3031" price="0" /> <!-- Spirit Ore -->
	<item id="1785" price="0" /> <!-- Soul Ore -->
	<item id="5589" price="0" /> <!-- Energy Stone -->
	<item id="8615" price="0" /> <!-- Summoning Crystal -->
</list>
