﻿<?xml version="1.0" encoding="UTF-8"?>
<list xmlns:xsi="http://www.w3.org/2001/XMLSchema-instance" xsi:noNamespaceSchemaLocation="../xsd/buylist.xsd">
	<item id="8" price="0" /> <!-- Willow Staff -->
	<item id="9" price="0" /> <!-- Cedar Staff -->
	<item id="176" price="0" /> <!-- Journeyman's Staff -->
	<item id="177" price="0" /> <!-- Mage Staff -->
	<item id="744" price="0" /> <!-- Staff of Sentinel -->
	<item id="754" price="0" /> <!-- Red Sunset Staff -->
	<item id="1304" price="0" /> <!-- Conjuror's Staff -->
	<item id="2373" price="0" /> <!-- Eldritch Staff -->
	<item id="6355" price="0" /> <!-- Mage Staff - for Beginners -->
	<item id="6716" price="0" /> <!-- Monster Only(Silenos Shaman) -->
	<item id="6718" price="0" /> <!-- Monster Only(Einhasad Shaman) -->
	<item id="7058" price="0" /> <!-- Chrono Darbuka -->
	<item id="7816" price="0" /> <!-- Apprentice Adventurer's Staff -->
</list>
