﻿<?xml version="1.0" encoding="UTF-8"?>
<list xmlns:xsi="http://www.w3.org/2001/XMLSchema-instance" xsi:noNamespaceSchemaLocation="../xsd/buylist.xsd">
	<item id="281" price="0" /> <!-- Crystallized Ice Bow -->
	<item id="282" price="0" /> <!-- Elemental Bow -->
	<item id="283" price="0" /> <!-- Akat Long Bow -->
	<item id="285" price="0" /> <!-- Noble Elven Bow -->
	<item id="286" price="0" /> <!-- Eminence Bow -->
	<item id="4810" price="0" /> <!-- Crystallized Ice Bow - Guidance -->
	<item id="4811" price="0" /> <!-- Crystallized Ice Bow - Evasion -->
	<item id="4812" price="0" /> <!-- Crystallized Ice Bow - Quick Recovery -->
	<item id="4813" price="0" /> <!-- Elemental Bow - Guidance -->
	<item id="4814" price="0" /> <!-- Elemental Bow - Miser -->
	<item id="4815" price="0" /> <!-- Elemental Bow - Quick Recovery -->
	<item id="4816" price="0" /> <!-- Elven Bow of Nobility - Evasion -->
	<item id="4817" price="0" /> <!-- Elven Bow of Nobility - Miser -->
	<item id="4818" price="0" /> <!-- Elven Bow of Nobility - Cheap Shot -->
	<item id="4819" price="0" /> <!-- Akat Long Bow - Guidance -->
	<item id="4820" price="0" /> <!-- Akat Long Bow - Evasion -->
	<item id="4821" price="0" /> <!-- Akat Long Bow - Miser -->
	<item id="4822" price="0" /> <!-- Eminence Bow - Guidance -->
	<item id="4823" price="0" /> <!-- Eminence Bow - Miser -->
	<item id="4824" price="0" /> <!-- Eminence Bow - Cheap Shot -->
	<item id="1342" price="0" /> <!-- Fine Steel Arrow -->
</list>
