﻿<?xml version="1.0" encoding="UTF-8"?>
<list xmlns:xsi="http://www.w3.org/2001/XMLSchema-instance" xsi:noNamespaceSchemaLocation="../xsd/buylist.xsd">
	<item id="164" price="0" /> <!-- Elysian -->
	<item id="170" price="0" /> <!-- _ -->
	<item id="2504" price="0" /> <!-- Meteor Shower -->
	<item id="4756" price="0" /> <!-- Meteor Shower - Health -->
	<item id="4757" price="0" /> <!-- Meteor Shower - Focus -->
	<item id="4758" price="0" /> <!-- Meteor Shower - P.Focus -->
	<item id="5599" price="0" /> <!-- Meteor Shower - Focus -->
	<item id="5600" price="0" /> <!-- Meteor Shower - Critical Bleed -->
	<item id="5601" price="0" /> <!-- Meteor Shower - Rsk. Haste -->
	<item id="5602" price="0" /> <!-- Elysian - Health -->
	<item id="5603" price="0" /> <!-- Elysian - Anger -->
	<item id="5604" price="0" /> <!-- Elysian - Critical Drain -->
</list>
