﻿<?xml version="1.0" encoding="UTF-8"?>
<list xmlns:xsi="http://www.w3.org/2001/XMLSchema-instance" xsi:noNamespaceSchemaLocation="../xsd/buylist.xsd">
	<item id="7561" price="0" /> <!-- Fishing Manual -->
	<item id="6908" price="0" /> <!-- Fish Oil -->
	<item id="6909" price="0" /> <!-- Greater Fish Oil -->
	<item id="6910" price="0" /> <!-- Premium Fish Oil -->
	<item id="6911" price="0" /> <!-- Fish Scale -->
	<item id="6912" price="0" /> <!-- Shiny Fish Scale -->
	<item id="6913" price="0" /> <!-- Fish Gem -->
	<item id="6914" price="0" /> <!-- Shiny Fish Gem -->
	<item id="6915" price="0" /> <!-- Thin Fish Bone -->
	<item id="6916" price="0" /> <!-- Thick Fish Bone -->
	<item id="7609" price="0" /> <!-- Proof of Catching a Fish -->
	<item id="6528" price="0" /> <!-- Event bait -->
	<item id="7807" price="0" /> <!-- Green Colored Lure - For Beginners -->
	<item id="7808" price="0" /> <!-- Purple Colored Lure - For Beginners -->
	<item id="7809" price="0" /> <!-- Yellow Colored Lure - For Beginners -->
	<item id="6519" price="0" /> <!-- Green Colored Lure - Low Grade -->
	<item id="6520" price="0" /> <!-- Green Colored Lure -->
	<item id="6521" price="0" /> <!-- Green Colored Lure - High Grade -->
	<item id="6522" price="0" /> <!-- Purple Colored Lure - Low Grade -->
	<item id="6523" price="0" /> <!-- Purple Colored Lure -->
	<item id="6524" price="0" /> <!-- Purple Colored Lure - High Grade -->
	<item id="6525" price="0" /> <!-- Yellow Colored Lure - Low Grade -->
	<item id="6526" price="0" /> <!-- Yellow Colored Lure -->
	<item id="6527" price="0" /> <!-- Yellow Colored Lure - High Grade -->
	<item id="7610" price="0" /> <!-- Wind Fishing Lure -->
	<item id="7611" price="0" /> <!-- Icy Air Fishing Lure -->
	<item id="7612" price="0" /> <!-- Earth Fishing Lure -->
	<item id="7613" price="0" /> <!-- Flaming Fishing Lure -->
	<item id="8484" price="0" /> <!-- Prize-Winning Fishing Lure -->
	<item id="8485" price="0" /> <!-- Prize-Winning Night Fishing Lure -->
	<item id="6535" price="0" /> <!-- Fishing Shot: non-grade -->
	<item id="6536" price="0" /> <!-- Fishing Shot: D-grade -->
	<item id="6537" price="0" /> <!-- Fishing Shot: C-grade -->
	<item id="6538" price="0" /> <!-- Fishing Shot: B-grade -->
	<item id="6539" price="0" /> <!-- Fishing Shot: A-grade -->
	<item id="6540" price="0" /> <!-- Fishing Shot: S-grade -->
</list>
