﻿<?xml version="1.0" encoding="UTF-8"?>
<list xmlns:xsi="http://www.w3.org/2001/XMLSchema-instance" xsi:noNamespaceSchemaLocation="../xsd/buylist.xsd">
	<item id="1835" price="0" /> <!-- Soulshot: No Grade -->
	<item id="1463" price="0" /> <!-- Soulshot: D-grade -->
	<item id="1464" price="0" /> <!-- Soulshot: C-grade -->
	<item id="1465" price="0" /> <!-- Soulshot: B-grade -->
	<item id="1466" price="0" /> <!-- Soulshot: A-grade -->
	<item id="1467" price="0" /> <!-- Soulshot: S-grade -->
	<item id="2509" price="0" /> <!-- Spiritshot: No Grade -->
	<item id="2510" price="0" /> <!-- Spiritshot: D-grade -->
	<item id="2511" price="0" /> <!-- Spiritshot: C-grade -->
	<item id="2512" price="0" /> <!-- Spiritshot: B-grade -->
	<item id="2513" price="0" /> <!-- Spiritshot: A-grade -->
	<item id="2514" price="0" /> <!-- Spiritshot: S-grade -->
	<item id="3947" price="0" /> <!-- Blessed Spiritshot: No Grade -->
	<item id="3948" price="0" /> <!-- Blessed Spiritshot: D-Grade -->
	<item id="3949" price="0" /> <!-- Blessed Spiritshot: C-Grade -->
	<item id="3950" price="0" /> <!-- Blessed Spiritshot: B-Grade -->
	<item id="3951" price="0" /> <!-- Blessed Spiritshot: A-Grade -->
	<item id="3952" price="0" /> <!-- Blessed Spiritshot: S Grade -->
	<item id="5134" price="0" /> <!-- Compressed Package of Soulshots: No Grade -->
	<item id="5135" price="0" /> <!-- Compressed Package of Soulshots: D-grade -->
	<item id="5136" price="0" /> <!-- Compressed Package of Soulshots: C-grade -->
	<item id="5137" price="0" /> <!-- Compressed Package of Soulshots: B-grade -->
	<item id="5138" price="0" /> <!-- Compressed Package of Soulshots: A-grade -->
	<item id="5139" price="0" /> <!-- Compressed Package of Soulshots: S-grade -->
	<item id="5140" price="0" /> <!-- Compressed Package of Spiritshots: No Grade -->
	<item id="5141" price="0" /> <!-- Compressed Package of Spiritshots: D-grade -->
	<item id="5142" price="0" /> <!-- Compressed Package of Spiritshots: C-grade -->
	<item id="5143" price="0" /> <!-- Compressed Package of Spiritshots: B-grade -->
	<item id="5144" price="0" /> <!-- Compressed Package of Spiritshots: A-grade -->
	<item id="5145" price="0" /> <!-- Compressed Package of Spiritshots: S-grade -->
	<item id="5146" price="0" /> <!-- Compressed Package of Blessed Spiritshots: No Grade -->
	<item id="5147" price="0" /> <!-- Compressed Package of Blessed Spiritshots: D-grade -->
	<item id="5148" price="0" /> <!-- Compressed Package of Blessed Spiritshots: C-grade -->
	<item id="5149" price="0" /> <!-- Compressed Package of Blessed Spiritshots: B-grade -->
	<item id="5150" price="0" /> <!-- Compressed Package of Blessed Spiritshots: A-grade -->
	<item id="5151" price="0" /> <!-- Compressed Package of Blessed Spiritshots: S-grade -->
	<item id="5250" price="0" /> <!-- Greater Compressed Package of Soulshots: No-grade -->
	<item id="5251" price="0" /> <!-- Greater Compressed Package of Soulshots: D-grade -->
	<item id="5252" price="0" /> <!-- Greater Compressed Package of Soulshots: C-grade -->
	<item id="5253" price="0" /> <!-- Greater Compressed Package of Soulshots: B-grade -->
	<item id="5254" price="0" /> <!-- Greater Compressed Package of Soulshots: A-grade -->
	<item id="5255" price="0" /> <!-- Greater Compressed Package of Soulshots: S-grade -->
	<item id="5256" price="0" /> <!-- Greater Compressed Package of Spiritshots: No-grade -->
	<item id="5257" price="0" /> <!-- Greater Compressed Package of Spiritshots: D-grade -->
	<item id="5258" price="0" /> <!-- Greater Compressed Package of Spiritshots: C-grade -->
	<item id="5259" price="0" /> <!-- Greater Compressed Package of Spiritshots: B-grade -->
	<item id="5260" price="0" /> <!-- Greater Compressed Package of Spiritshots: A-grade -->
	<item id="5261" price="0" /> <!-- Greater Compressed Package of Spiritshots: S-grade -->
	<item id="5262" price="0" /> <!-- Greater Compressed Package of Blessed Spiritshots: No-grade -->
	<item id="5263" price="0" /> <!-- Greater Compressed Package of Blessed Spiritshots: D-grade -->
	<item id="5264" price="0" /> <!-- Greater Compressed Package of Blessed Spiritshots: C-grade -->
	<item id="5265" price="0" /> <!-- Greater Compressed Package of Blessed Spiritshots: B-grade -->
	<item id="5266" price="0" /> <!-- Greater Compressed Package of Blessed Spiritshots: A-grade -->
	<item id="5267" price="0" /> <!-- Greater Compressed Package of Blessed Spiritshots: S-grade -->
	<item id="6535" price="0" /> <!-- Fishing Shot: non-grade -->
	<item id="6536" price="0" /> <!-- Fishing Shot: D-grade -->
	<item id="6537" price="0" /> <!-- Fishing Shot: C-grade -->
	<item id="6538" price="0" /> <!-- Fishing Shot: B-grade -->
	<item id="6539" price="0" /> <!-- Fishing Shot: A-grade -->
	<item id="6540" price="0" /> <!-- Fishing Shot: S-grade -->
	<item id="6645" price="0" /> <!-- Beast Soulshot -->
	<item id="6646" price="0" /> <!-- Beast Spiritshot -->
	<item id="6647" price="0" /> <!-- Blessed Beast Spiritshot -->
</list>
