﻿<?xml version="1.0" encoding="UTF-8"?>
<list xmlns:xsi="http://www.w3.org/2001/XMLSchema-instance" xsi:noNamespaceSchemaLocation="../xsd/buylist.xsd">
	<item id="8594" price="0" /> <!-- Scroll: Recovery (No Grade) -->
	<item id="8595" price="0" /> <!-- Scroll: Recovery (Grade D) -->
	<item id="8596" price="0" /> <!-- Scroll: Recovery (Grade C) -->
	<item id="8597" price="0" /> <!-- Scroll: Recovery (Grade B) -->
	<item id="8598" price="0" /> <!-- Scroll: Recovery (Grade A) -->
	<item id="8599" price="0" /> <!-- Scroll: Recovery (Grade S) -->
	<item id="6652" price="0" /> <!-- Scroll: Protection of Valakas -->
	<item id="6653" price="0" /> <!-- Scroll: Flames of Valakas -->
	<item id="6654" price="0" /> <!-- Scroll: Flames of Valakas -->
	<item id="6655" price="0" /> <!-- Scroll: Slay Valakas -->
	<item id="1538" price="0" /> <!-- Blessed Scroll of Escape -->
	<item id="5859" price="0" /> <!-- Blessed Scroll of Escape: Castle -->
	<item id="5858" price="0" /> <!-- Blessed Scroll of Escape: Clan Hall -->
	<item id="736" price="0" /> <!-- Scroll of Escape -->
	<item id="1830" price="0" /> <!-- Scroll of Escape: Castle -->
	<item id="1829" price="0" /> <!-- Scroll of Escape: Clan Hall -->
	<item id="7118" price="0" /> <!-- Scroll of Escape to Elven Village -->
	<item id="7119" price="0" /> <!-- Scroll of Escape to Dark Elf Village -->
	<item id="7120" price="0" /> <!-- Scroll of Escape to Orc Village -->
	<item id="7121" price="0" /> <!-- Scroll of Escape to Dwarven Village -->
	<item id="7122" price="0" /> <!-- Scroll of Escape to Gludin Village -->
	<item id="7123" price="0" /> <!-- Scroll of Escape to the Town of Gludio -->
	<item id="7124" price="0" /> <!-- Scroll of Escape to the Town of Dion -->
	<item id="7125" price="0" /> <!-- Scroll of Escape to Floran -->
	<item id="7126" price="0" /> <!-- Scroll of Escape to Giran Castle Town -->
	<item id="7127" price="0" /> <!-- Scroll of Escape to Hardin's Private Academy -->
	<item id="7128" price="0" /> <!-- Scroll of Escape to Heine -->
	<item id="7129" price="0" /> <!-- Scroll of Escape to the Town of Oren -->
	<item id="7130" price="0" /> <!-- Scroll of Escape to Ivory Tower -->
	<item id="7131" price="0" /> <!-- Scroll of Escape to Hunters Village -->
	<item id="7132" price="0" /> <!-- Scroll of Escape to Aden Castle Town -->
	<item id="7133" price="0" /> <!-- Scroll of Escape to the Town of Goddard -->
	<item id="7134" price="0" /> <!-- Scroll of Escape to the Rune Township -->
	<item id="7135" price="0" /> <!-- Scroll of Escape to the Town of Schuttgart. -->
	<item id="737" price="0" /> <!-- Scroll of Resurrection -->
	<item id="3936" price="0" /> <!-- Blessed Scroll of Resurrection -->
	<item id="6387" price="0" /> <!-- Blessed Scroll of Resurrection for Pets -->
	<item id="5593" price="0" /> <!-- SP Scroll: Low Grade -->
	<item id="5594" price="0" /> <!-- SP Scroll: Medium Grade -->
	<item id="5595" price="0" /> <!-- SP Scroll: High Grade -->
	<item id="8515" price="0" /> <!-- Charm of Courage: No Grade -->
	<item id="8516" price="0" /> <!-- Charm of Courage: D-Grade -->
	<item id="8517" price="0" /> <!-- Charm of Courage: C-Grade -->
	<item id="8518" price="0" /> <!-- Charm of Courage: B-Grade -->
	<item id="8519" price="0" /> <!-- Charm of Courage: A-Grade -->
	<item id="8520" price="0" /> <!-- Charm of Courage: S-Grade -->
</list>
