﻿<?xml version="1.0" encoding="UTF-8"?>
<list xmlns:xsi="http://www.w3.org/2001/XMLSchema-instance" xsi:noNamespaceSchemaLocation="../xsd/buylist.xsd">
	<item id="2241" price="0" /> <!-- Recipe: Hood of Grace -->
	<item id="2242" price="0" /> <!-- Recipe: Phoenix Hood -->
	<item id="2243" price="0" /> <!-- Recipe: Hood of Aid -->
	<item id="2244" price="0" /> <!-- Recipe: Flame Helm -->
	<item id="2245" price="0" /> <!-- Recipe: Tallum Helm -->
	<item id="2246" price="0" /> <!-- Recipe: Helm of Avadon -->
	<item id="2247" price="0" /> <!-- Recipe: Helmet of Pledge -->
	<item id="2248" price="0" /> <!-- Recipe: Gauntlets of Ghost -->
	<item id="2249" price="0" /> <!-- Recipe: Adamantite Boots -->
	<item id="2250" price="0" /> <!-- Recipe: Bone Arrow -->
	<item id="2251" price="0" /> <!-- Recipe: Steel Arrow -->
	<item id="2252" price="0" /> <!-- Recipe: Iron Hammer -->
	<item id="2253" price="0" /> <!-- Recipe: Sword Breaker -->
	<item id="2254" price="0" /> <!-- Recipe: Composition Bow -->
	<item id="2255" price="0" /> <!-- Recipe: Saber -->
	<item id="2256" price="0" /> <!-- Recipe: Assassin Knife -->
	<item id="2257" price="0" /> <!-- Recipe: Trident -->
	<item id="2258" price="0" /> <!-- Recipe: Temptation of Abyss -->
	<item id="2259" price="0" /> <!-- Recipe: Spinebone Sword -->
	<item id="2260" price="0" /> <!-- Recipe: Mace of Judgment -->
	<item id="2261" price="0" /> <!-- Recipe: Conjuror's Staff -->
	<item id="2262" price="0" /> <!-- Recipe: Elven Bow -->
	<item id="2263" price="0" /> <!-- Recipe: Dwarven Trident -->
	<item id="2264" price="0" /> <!-- Recipe: Two-handed Sword -->
	<item id="2265" price="0" /> <!-- Recipe: Spiked Club -->
	<item id="2266" price="0" /> <!-- Recipe: Shilen Knife -->
	<item id="2267" price="0" /> <!-- Recipe: Gastraphetes -->
	<item id="2268" price="0" /> <!-- Recipe: Tome of Blood -->
	<item id="2269" price="0" /> <!-- Recipe: Morning Star -->
	<item id="2270" price="0" /> <!-- Recipe: Goat Head Staff -->
	<item id="2271" price="0" /> <!-- Recipe: Winged Spear -->
	<item id="2272" price="0" /> <!-- Recipe: Sword of Revolution -->
	<item id="2273" price="0" /> <!-- Recipe: Tarbar -->
	<item id="2274" price="0" /> <!-- Recipe: Skull Breaker -->
	<item id="2275" price="0" /> <!-- Recipe: Heavy Bone Club -->
	<item id="2276" price="0" /> <!-- Recipe: Maingauche -->
	<item id="2277" price="0" /> <!-- Recipe: Bich'hwa -->
	<item id="2278" price="0" /> <!-- Recipe: Strengthened Long Bow -->
	<item id="2279" price="0" /> <!-- Recipe: War Pick -->
	<item id="2280" price="0" /> <!-- Recipe: Crucifix of Blood -->
	<item id="2281" price="0" /> <!-- Recipe: Eye of Infinity -->
	<item id="2282" price="0" /> <!-- Recipe: Cursed Maingauche -->
	<item id="2283" price="0" /> <!-- Recipe: Blue Crystal Skull -->
	<item id="2284" price="0" /> <!-- Recipe: Demon Fangs -->
	<item id="2285" price="0" /> <!-- Recipe: Claymore -->
	<item id="2286" price="0" /> <!-- Recipe: Bonebreaker -->
	<item id="2287" price="0" /> <!-- Recipe: Atuba Hammer -->
	<item id="2288" price="0" /> <!-- Recipe: Ghost Staff -->
	<item id="2289" price="0" /> <!-- Recipe: Staff of Life -->
	<item id="2290" price="0" /> <!-- Recipe: Mithril Dagger -->
</list>
