﻿<?xml version="1.0" encoding="UTF-8"?>
<list xmlns:xsi="http://www.w3.org/2001/XMLSchema-instance" xsi:noNamespaceSchemaLocation="../xsd/buylist.xsd">
	<item id="1666" price="0" /> <!-- Recipe: Wooden Arrow -->
	<item id="1786" price="0" /> <!-- Recipe: Broad Sword -->
	<item id="1787" price="0" /> <!-- Recipe: Willow Staff -->
	<item id="1788" price="0" /> <!-- Recipe: Bow -->
	<item id="1789" price="0" /> <!-- Recipe: Cedar Staff -->
	<item id="1790" price="0" /> <!-- Recipe: Dirk -->
	<item id="1791" price="0" /> <!-- Recipe: Brandish -->
	<item id="1792" price="0" /> <!-- Recipe: Short Spear -->
	<item id="1793" price="0" /> <!-- Recipe: Sword of Reflection -->
	<item id="1794" price="0" /> <!-- Recipe: Forest Bow -->
	<item id="1795" price="0" /> <!-- Recipe: Leather Shoes -->
	<item id="1796" price="0" /> <!-- Recipe: Leather Tunic -->
	<item id="1797" price="0" /> <!-- Recipe: Leather Stockings -->
	<item id="1798" price="0" /> <!-- Recipe: Leather Helmet -->
	<item id="1799" price="0" /> <!-- Recipe: Leather Gloves -->
	<item id="1800" price="0" /> <!-- Recipe: Piece Bone Breastplate -->
	<item id="1801" price="0" /> <!-- Recipe: Piece Bone Gaiters -->
	<item id="1802" price="0" /> <!-- Recipe: Necklace of Anguish -->
	<item id="1803" price="0" /> <!-- Recipe: Necklace of Wisdom -->
	<item id="1804" price="0" /> <!-- Recipe: Soulshot: D-Grade -->
	<item id="1805" price="0" /> <!-- Recipe: Soulshot: C-Grade -->
	<item id="1806" price="0" /> <!-- Recipe: Soulshot: B-Grade -->
	<item id="1807" price="0" /> <!-- Recipe: Soulshot: A-Grade -->
	<item id="1808" price="0" /> <!-- Recipe: Soulshot: S Grade -->
	<item id="1809" price="0" /> <!-- Recipe: Durable Stem -->
	<item id="1810" price="0" /> <!-- Recipe: Wooden Frame -->
	<item id="1811" price="0" /> <!-- Recipe: Bark of Treant -->
	<item id="1812" price="0" /> <!-- Recipe: Coarse Bone Powder -->
	<item id="1813" price="0" /> <!-- Recipe: Refined Steel -->
	<item id="1814" price="0" /> <!-- Recipe: Leather -->
	<item id="1815" price="0" /> <!-- Recipe: Bowstring -->
	<item id="1816" price="0" /> <!-- Recipe: Steel Frame -->
	<item id="1817" price="0" /> <!-- Recipe: Cord -->
	<item id="1818" price="0" /> <!-- Recipe: Refined Bronze -->
	<item id="1819" price="0" /> <!-- Recipe: Treant Potion -->
	<item id="1820" price="0" /> <!-- Recipe: Spell Paper -->
	<item id="1821" price="0" /> <!-- Recipe: Flaming Oil -->
	<item id="1822" price="0" /> <!-- Recipe: Magic Powder -->
	<item id="1823" price="0" /> <!-- Recipe: Refined Mythril -->
	<item id="1824" price="0" /> <!-- Recipe: Fortified Steel -->
	<item id="1825" price="0" /> <!-- Recipe: Oriharukon -->
	<item id="1826" price="0" /> <!-- Recipe: Spell Solution -->
	<item id="1827" price="0" /> <!-- Recipe: Metal Frame -->
	<item id="1828" price="0" /> <!-- Recipe: Steel of Highest Grade -->
	<item id="2135" price="0" /> <!-- Recipe: Braided Hemp -->
	<item id="2136" price="0" /> <!-- Recipe: Cokes -->
	<item id="2137" price="0" /> <!-- Recipe: Steel -->
	<item id="2138" price="0" /> <!-- Recipe: Coarse Bone Powder (100%) -->
	<item id="2139" price="0" /> <!-- Recipe: Steel Mold -->
	<item id="2140" price="0" /> <!-- Recipe: High Grade Suede -->
</list>
