﻿<?xml version="1.0" encoding="UTF-8"?>
<list xmlns:xsi="http://www.w3.org/2001/XMLSchema-instance" xsi:noNamespaceSchemaLocation="../xsd/buylist.xsd">
	<item id="1724" price="0" /> <!-- Skull Fragment -->
	<item id="1725" price="0" /> <!-- Dark Stockings Material -->
	<item id="1726" price="0" /> <!-- Crafted Leather Gloves Lining -->
	<item id="1727" price="0" /> <!-- Crafted Leather Gloves Texture -->
	<item id="1728" price="0" /> <!-- Steel Scale -->
	<item id="1729" price="0" /> <!-- Pure White Cloth -->
	<item id="1730" price="0" /> <!-- Purifying Potion -->
	<item id="1731" price="0" /> <!-- Steel Scale Gaiters -->
	<item id="1732" price="0" /> <!-- Leather Fittings -->
	<item id="1733" price="0" /> <!-- Large Sheet Iron -->
	<item id="1734" price="0" /> <!-- Small Leather Fittings -->
	<item id="1735" price="0" /> <!-- Small Sheet Iron -->
	<item id="1736" price="0" /> <!-- Iron Boots Binding -->
	<item id="1737" price="0" /> <!-- Iron Boots Frame -->
	<item id="1738" price="0" /> <!-- Wide Blade -->
	<item id="1739" price="0" /> <!-- Broadsword Mold -->
	<item id="1740" price="0" /> <!-- Crafted Willow Branch -->
	<item id="1741" price="0" /> <!-- Stave -->
	<item id="1742" price="0" /> <!-- Red Cedar Branch -->
	<item id="1743" price="0" /> <!-- Dirk Blade -->
	<item id="1744" price="0" /> <!-- Dirk Mold -->
	<item id="1745" price="0" /> <!-- Brandish Blade -->
	<item id="1746" price="0" /> <!-- Short Spear Blade -->
	<item id="1747" price="0" /> <!-- Shining Blade -->
	<item id="1748" price="0" /> <!-- Sword of Reflection Mold -->
	<item id="1749" price="0" /> <!-- Branch of The Mother Tree -->
	<item id="1750" price="0" /> <!-- Dark Forest Leaf -->
	<item id="1751" price="0" /> <!-- Lump of Iron -->
	<item id="1752" price="0" /> <!-- Piece of Sword Breaker -->
	<item id="1753" price="0" /> <!-- Sword Breaker Mold -->
	<item id="1754" price="0" /> <!-- Steel Bow Mold -->
	<item id="1755" price="0" /> <!-- Metal Stave -->
	<item id="1756" price="0" /> <!-- Spirit of The Saber Smith -->
	<item id="1757" price="0" /> <!-- Saber Blade -->
	<item id="1758" price="0" /> <!-- Saber Mold -->
	<item id="1759" price="0" /> <!-- Blood of Assassin -->
	<item id="1760" price="0" /> <!-- Assassin Blade -->
	<item id="1761" price="0" /> <!-- Assassin Mold -->
	<item id="1762" price="0" /> <!-- Piece of Trident -->
	<item id="1763" price="0" /> <!-- Ruby Fragment -->
	<item id="1764" price="0" /> <!-- Deep Sea Water -->
	<item id="1765" price="0" /> <!-- Spinebone Fragment -->
	<item id="1766" price="0" /> <!-- Spinebone Pattern -->
	<item id="1767" price="0" /> <!-- Piece of Mace of Judgment -->
	<item id="1768" price="0" /> <!-- Pattern of Judgment -->
	<item id="1769" price="0" /> <!-- Piece of Conjuror's Staff -->
	<item id="1770" price="0" /> <!-- Magic Flute -->
	<item id="1771" price="0" /> <!-- Elven Stave -->
	<item id="1772" price="0" /> <!-- Leaf of the Mother Tree -->
	<item id="1773" price="0" /> <!-- Piece of Dwarven Trident -->
</list>
