﻿<?xml version="1.0" encoding="UTF-8"?>
<list xmlns:xsi="http://www.w3.org/2001/XMLSchema-instance" xsi:noNamespaceSchemaLocation="../xsd/buylist.xsd">
	<item id="4128" price="0" /> <!-- Recipe: Adamantite Necklace -->
	<item id="4129" price="0" /> <!-- Recipe: Earrings of Black Ore -->
	<item id="4130" price="0" /> <!-- Recipe: Ring of Black Ore -->
	<item id="4131" price="0" /> <!-- Recipe: Necklace of Black Ore -->
	<item id="4132" price="0" /> <!-- Recipe: Composite Shield -->
	<item id="4133" price="0" /> <!-- Recipe: Zubei's Breastplate -->
	<item id="4134" price="0" /> <!-- Recipe: Zubei's Gaiters -->
	<item id="4135" price="0" /> <!-- Recipe: Implosion Boots -->
	<item id="4136" price="0" /> <!-- Recipe: Boots of Silence -->
	<item id="4137" price="0" /> <!-- Recipe: Guardian's Boots -->
	<item id="4138" price="0" /> <!-- Recipe: Paradia Boots -->
	<item id="4139" price="0" /> <!-- Recipe: Elemental Boots -->
	<item id="4140" price="0" /> <!-- Recipe: Boots of Grace -->
	<item id="4141" price="0" /> <!-- Recipe: Avadon Breastplate -->
	<item id="4142" price="0" /> <!-- Recipe: Avadon Gaiters -->
	<item id="4143" price="0" /> <!-- Recipe: Zubei's Leather Shirt -->
	<item id="4144" price="0" /> <!-- Recipe: Zubei's Leather Gaiters -->
	<item id="4145" price="0" /> <!-- Recipe: Avadon Leather Armor -->
	<item id="4146" price="0" /> <!-- Recipe: Tunic of Zubei -->
	<item id="4147" price="0" /> <!-- Recipe: Stockings of Zubei -->
	<item id="4148" price="0" /> <!-- Recipe: Avadon Robe -->
	<item id="4149" price="0" /> <!-- Recipe: Avadon Circlet -->
	<item id="4150" price="0" /> <!-- Recipe: Avadon Gloves -->
	<item id="4151" price="0" /> <!-- Recipe: Chain Gloves of Silence -->
	<item id="4152" price="0" /> <!-- Recipe: Guardian's Gloves -->
	<item id="4153" price="0" /> <!-- Recipe: Gloves of Blessing -->
	<item id="4154" price="0" /> <!-- Recipe: Doom Shield -->
	<item id="4155" price="0" /> <!-- Recipe: Blue Wolf Breastplate -->
	<item id="4156" price="0" /> <!-- Recipe: Boots of Blessing -->
	<item id="4157" price="0" /> <!-- Recipe: Blue Wolf Gaiters -->
	<item id="4158" price="0" /> <!-- Recipe: Doom Plate Armor -->
	<item id="4159" price="0" /> <!-- Recipe: Blue Wolf Leather Armor -->
	<item id="4160" price="0" /> <!-- Recipe: Leather Armor of Doom -->
	<item id="4161" price="0" /> <!-- Recipe: Blue Wolf Tunic -->
	<item id="4162" price="0" /> <!-- Recipe: Tunic of Doom -->
	<item id="4163" price="0" /> <!-- Recipe: Blue Wolf Stockings -->
	<item id="4164" price="0" /> <!-- Recipe: Stockings of Doom -->
	<item id="4165" price="0" /> <!-- Recipe: Blue Wolf Helmet -->
	<item id="4166" price="0" /> <!-- Recipe: Doom Helmet -->
	<item id="4167" price="0" /> <!-- Recipe: Blue Wolf Boots -->
	<item id="4168" price="0" /> <!-- Recipe: Doom Gloves -->
	<item id="4169" price="0" /> <!-- Recipe: Elemental Gloves -->
	<item id="4170" price="0" /> <!-- Recipe: Gloves of Grace -->
	<item id="4171" price="0" /> <!-- Recipe: Implosion Gauntlets -->
	<item id="4172" price="0" /> <!-- Recipe: Paradia Gloves -->
	<item id="4173" price="0" /> <!-- Recipe: Blue Wolf Gloves -->
	<item id="4174" price="0" /> <!-- Recipe: Zubei's Boots -->
	<item id="4175" price="0" /> <!-- Recipe: Avadon Boots -->
	<item id="4176" price="0" /> <!-- Recipe: Doom Boots -->
	<item id="4177" price="0" /> <!-- Recipe: Zubei's Gauntlets -->
</list>
