﻿<?xml version="1.0" encoding="UTF-8"?>
<list xmlns:xsi="http://www.w3.org/2001/XMLSchema-instance" xsi:noNamespaceSchemaLocation="../xsd/buylist.xsd">
	<item id="4101" price="0" /> <!-- Zubei's Shield Fragment -->
	<item id="4102" price="0" /> <!-- Zubei's Helmet Design -->
	<item id="4103" price="0" /> <!-- Pata Blade -->
	<item id="4104" price="0" /> <!-- Great Sword Blade -->
	<item id="4105" price="0" /> <!-- Heavy War Axe Head -->
	<item id="4106" price="0" /> <!-- Sprite's Staff Head -->
	<item id="4107" price="0" /> <!-- Keshanberk Blade -->
	<item id="4108" price="0" /> <!-- Sword of Valhalla Blade -->
	<item id="4109" price="0" /> <!-- Kris Edge -->
	<item id="4110" price="0" /> <!-- Hell Knife Edge -->
	<item id="4111" price="0" /> <!-- Arthro Nail Blade -->
	<item id="4112" price="0" /> <!-- Dark Elven Longbow Shaft -->
	<item id="4113" price="0" /> <!-- Great Axe Head -->
	<item id="4114" price="0" /> <!-- Sword of Damascus Blade -->
	<item id="4115" price="0" /> <!-- Lance Blade -->
	<item id="4116" price="0" /> <!-- Deadman's Glory Stone -->
	<item id="4117" price="0" /> <!-- Art of Battle Axe Blade -->
	<item id="4118" price="0" /> <!-- Evil Spirit Head -->
	<item id="4119" price="0" /> <!-- Demon Dagger Edge -->
	<item id="4120" price="0" /> <!-- Bellion Cestus Edge -->
	<item id="4121" price="0" /> <!-- Bow of Peril Shaft -->
	<item id="4438" price="0" /> <!-- Knuckle Duster Edge -->
	<item id="4439" price="0" /> <!-- Avadon Shield Fragment -->
	<item id="5220" price="0" /> <!-- Metal Hardener -->
	<item id="5556" price="0" /> <!-- Star Ornament -->
	<item id="5557" price="0" /> <!-- Bead Ornament -->
	<item id="5558" price="0" /> <!-- Fir Tree Branch -->
	<item id="5559" price="0" /> <!-- Flower Pot -->
</list>
