<?xml version="1.0" encoding="UTF-8"?>
<list xmlns:xsi="http://www.w3.org/2001/XMLSchema-instance" xsi:noNamespaceSchemaLocation="../xsd/buylist.xsd">
	<npcs>
		<npc>35557</npc> <!-- Kendrew -->
	</npcs>
	<item id="7951" price="84000" /> <!-- Greater Recruit Posting Ticket (Sword/Stationary) -->
	<item id="7952" price="108000" /> <!-- Greater Recruit Posting Ticket (Spear/Stationary) -->
	<item id="7953" price="132000" /> <!-- Greater Recruit Posting Ticket (Bow/Stationary) -->
	<item id="7954" price="276000" /> <!-- Greater Recruit Posting Ticket (Cleric/Stationary) -->
	<item id="7955" price="276000" /> <!-- Greater Recruit Posting Ticket (Wizard/Stationary) -->
	<item id="7956" price="84000" /> <!-- Greater Recruit Posting Ticket (Sword/Mobile) -->
	<item id="7957" price="108000" /> <!-- Greater Recruit Posting Ticket (Spear/Mobile) -->
	<item id="7958" price="132000" /> <!-- Greater Recruit Posting Ticket (Bow/Mobile) -->
	<item id="7959" price="276000" /> <!-- Greater Recruit Posting Ticket (Cleric/Mobile) -->
	<item id="7960" price="276000" /> <!-- Greater Recruit Posting Ticket (Wizard/Mobile) -->
	<item id="7961" price="50000" /> <!-- Recruit Posting Ticket (Sword/Stationary) -->
	<item id="7962" price="60000" /> <!-- Recruit Posting Ticket (Spear/Stationary) -->
	<item id="7963" price="72000" /> <!-- Recruit Posting Ticket (Bow/Stationary) -->
	<item id="7964" price="180000" /> <!-- Recruit Posting Ticket (Cleric/Stationary) -->
	<item id="7965" price="180000" /> <!-- Recruit Posting Ticket (Wizard/Stationary) -->
	<item id="7966" price="50000" /> <!-- Recruit Posting Ticket (Sword/Mobile) -->
	<item id="7967" price="60000" /> <!-- Recruit Posting Ticket (Spear/Mobile) -->
	<item id="7968" price="72000" /> <!-- Recruit Posting Ticket (Bow/Mobile) -->
	<item id="7969" price="180000" /> <!-- Recruit Posting Ticket (Cleric/Mobile) -->
	<item id="7970" price="180000" /> <!-- Recruit Posting Ticket (Wizard/Mobile) -->
</list>
