﻿<?xml version="1.0" encoding="UTF-8"?>
<list xmlns:xsi="http://www.w3.org/2001/XMLSchema-instance" xsi:noNamespaceSchemaLocation="../xsd/buylist.xsd">
	<npcs>
		<npc>30001</npc> <!-- Lector -->
	</npcs>
	<item id="7" /> <!-- Apprentice's Rod -->
	<item id="308" /> <!-- Buffalo's Horn -->
	<item id="8" /> <!-- Willow Staff -->
	<item id="99" /> <!-- Apprentice's Spellbook -->
	<item id="9" /> <!-- Cedar Staff -->
	<item id="176" /> <!-- Journeyman's Staff -->
	<item id="310" /> <!-- Relic of The Saints -->
</list>
