﻿<?xml version="1.0" encoding="UTF-8"?>
<list xmlns:xsi="http://www.w3.org/2001/XMLSchema-instance" xsi:noNamespaceSchemaLocation="../xsd/buylist.xsd">
	<npcs>
		<npc>30087</npc> <!-- Peta -->
	</npcs>
	<item id="1104" /> <!-- Stockings of Devotion -->
	<item id="1101" /> <!-- Tunic of Devotion -->
	<item id="1105" /> <!-- Stockings of Magic -->
	<item id="1102" /> <!-- Tunic of Magic -->
	<item id="465" /> <!-- Cursed Stockings -->
	<item id="432" /> <!-- Cursed Tunic -->
	<item id="467" /> <!-- Dark Stockings -->
	<item id="434" /> <!-- White Tunic -->
	<item id="468" /> <!-- Mystic's Stockings -->
	<item id="435" /> <!-- Mystic's Tunic -->
	<item id="469" /> <!-- Stockings of Knowledge -->
	<item id="436" /> <!-- Tunic of Knowledge -->
	<item id="470" /> <!-- Mithril Stockings -->
	<item id="437" /> <!-- Mithril Tunic -->
	<item id="102" /> <!-- Round Shield -->
	<item id="625" /> <!-- Bone Shield -->
	<item id="626" /> <!-- Bronze Shield -->
	<item id="627" /> <!-- Aspis -->
	<item id="628" /> <!-- Hoplon -->
	<item id="629" /> <!-- Kite Shield -->
	<item id="50" /> <!-- Leather Gloves -->
	<item id="51" /> <!-- Bracer -->
	<item id="604" /> <!-- Crafted Leather Gloves -->
	<item id="605" /> <!-- Leather Gauntlets -->
	<item id="63" /> <!-- Gauntlets -->
	<item id="606" /> <!-- Rip Gauntlets -->
	<item id="38" /> <!-- Low Boots -->
	<item id="39" /> <!-- Boots -->
	<item id="40" /> <!-- Leather Boots -->
	<item id="1123" /> <!-- Blue Buckskin Boots -->
	<item id="553" /> <!-- Iron Boots -->
	<item id="1124" /> <!-- Boots of Power -->
	<item id="44" /> <!-- Leather Helmet -->
	<item id="1148" /> <!-- Hard Leather Helmet -->
	<item id="45" /> <!-- Bone Helmet -->
	<item id="46" /> <!-- Bronze Helmet -->
	<item id="47" /> <!-- Helmet -->
</list>
