<?xml version="1.0" encoding="UTF-8"?>
<list xmlns:xsi="http://www.w3.org/2001/XMLSchema-instance" xsi:noNamespaceSchemaLocation="../xsd/buylist.xsd">
	<npcs>
		<npc>30149</npc> <!-- Creamees -->
	</npcs>
	<item id="1294" /> <!-- Spellbook: Defense Aura -->
	<item id="1095" /> <!-- Spellbook: Attack Aura -->
	<item id="1048" /> <!-- Spellbook: Might -->
	<item id="1050" /> <!-- Spellbook: Battle Heal -->
	<item id="1051" /> <!-- Spellbook: Vampiric Touch -->
	<item id="1049" /> <!-- Spellbook: Ice Bolt -->
	<item id="1152" /> <!-- Spellbook: Heal -->
	<item id="1054" /> <!-- Spellbook: Group Heal -->
	<item id="1058" /> <!-- Spellbook: Shield -->
	<item id="1099" /> <!-- Spellbook: Wind Shackle -->
	<item id="1098" /> <!-- Spellbook: Wind Walk -->
	<item id="1056" /> <!-- Spellbook: Curse: Weakness -->
	<item id="1055" /> <!-- Spellbook: Curse: Poison -->
	<item id="1053" /> <!-- Spellbook: Cure Poison -->
	<item id="1052" /> <!-- Spellbook: Flame Strike -->
	<item id="1097" /> <!-- Spellbook: Drain Health -->
	<item id="1096" /> <!-- Spellbook: Elemental Heal -->
	<item id="1386" /> <!-- Spellbook: Disrupt Undead -->
	<item id="1514" /> <!-- Spellbook: Resurrection -->
	<item id="1372" /> <!-- Spellbook: Blaze -->
	<item id="1667" /> <!-- Spellbook: Summon Shadow -->
	<item id="1671" /> <!-- Spellbook: Summon Silhouette -->
	<item id="1669" /> <!-- Spellbook: Summon Boxer the Unicorn -->
	<item id="1403" /> <!-- Spellbook: Summon Kat the Cat -->
	<item id="1405" /> <!-- Spellbook: Servitor Heal -->
	<item id="1370" /> <!-- Spellbook: Aqua Swirl -->
	<item id="1401" /> <!-- Spellbook: Acumen -->
	<item id="4916" /> <!-- Spellbook: Energy Bolt -->
	<item id="1411" /> <!-- Spellbook: Aura Burn -->
	<item id="1513" /> <!-- Spellbook: Charm -->
	<item id="1399" /> <!-- Spellbook: Concentration -->
	<item id="1515" /> <!-- Spellbook: Kiss of Eva -->
	<item id="1371" /> <!-- Spellbook: Twister -->
	<item id="1383" /> <!-- Spellbook: Poison -->
	<item id="1377" /> <!-- Spellbook: Poison Recovery -->
</list>
