<?xml version="1.0" encoding="UTF-8"?>
<list xmlns:xsi="http://www.w3.org/2001/XMLSchema-instance" xsi:noNamespaceSchemaLocation="../data/xsd/DynamicExpRates.xsd">
	<dynamic level="1" exp="1" sp="1" />
	<dynamic level="2" exp="1" sp="1" />
	<dynamic level="3" exp="1" sp="1" />
	<dynamic level="4" exp="1" sp="1" />
	<dynamic level="5" exp="1" sp="1" />
	<dynamic level="6" exp="1" sp="1" />
	<dynamic level="7" exp="1" sp="1" />
	<dynamic level="8" exp="1" sp="1" />
	<dynamic level="9" exp="1" sp="1" />
	<dynamic level="10" exp="1" sp="1" />
	<dynamic level="11" exp="1" sp="1" />
	<dynamic level="12" exp="1" sp="1" />
	<dynamic level="13" exp="1" sp="1" />
	<dynamic level="14" exp="1" sp="1" />
	<dynamic level="15" exp="1" sp="1" />
	<dynamic level="16" exp="1" sp="1" />
	<dynamic level="17" exp="1" sp="1" />
	<dynamic level="18" exp="1" sp="1" />
	<dynamic level="19" exp="1" sp="1" />
	<dynamic level="20" exp="1" sp="1" />
	<dynamic level="21" exp="1" sp="1" />
	<dynamic level="22" exp="1" sp="1" />
	<dynamic level="23" exp="1" sp="1" />
	<dynamic level="24" exp="1" sp="1" />
	<dynamic level="25" exp="1" sp="1" />
	<dynamic level="26" exp="1" sp="1" />
	<dynamic level="27" exp="1" sp="1" />
	<dynamic level="28" exp="1" sp="1" />
	<dynamic level="29" exp="1" sp="1" />
	<dynamic level="30" exp="1" sp="1" />
	<dynamic level="31" exp="1" sp="1" />
	<dynamic level="32" exp="1" sp="1" />
	<dynamic level="33" exp="1" sp="1" />
	<dynamic level="34" exp="1" sp="1" />
	<dynamic level="35" exp="1" sp="1" />
	<dynamic level="36" exp="1" sp="1" />
	<dynamic level="37" exp="1" sp="1" />
	<dynamic level="38" exp="1" sp="1" />
	<dynamic level="39" exp="1" sp="1" />
	<dynamic level="40" exp="1" sp="1" />
	<dynamic level="41" exp="1" sp="1" />
	<dynamic level="42" exp="1" sp="1" />
	<dynamic level="43" exp="1" sp="1" />
	<dynamic level="44" exp="1" sp="1" />
	<dynamic level="45" exp="1" sp="1" />
	<dynamic level="46" exp="1" sp="1" />
	<dynamic level="47" exp="1" sp="1" />
	<dynamic level="48" exp="1" sp="1" />
	<dynamic level="49" exp="1" sp="1" />
	<dynamic level="50" exp="1" sp="1" />
	<dynamic level="51" exp="1" sp="1" />
	<dynamic level="52" exp="1" sp="1" />
	<dynamic level="53" exp="1" sp="1" />
	<dynamic level="54" exp="1" sp="1" />
	<dynamic level="55" exp="1" sp="1" />
	<dynamic level="56" exp="1" sp="1" />
	<dynamic level="57" exp="1" sp="1" />
	<dynamic level="58" exp="1" sp="1" />
	<dynamic level="59" exp="1" sp="1" />
	<dynamic level="60" exp="1" sp="1" />
	<dynamic level="61" exp="1" sp="1" />
	<dynamic level="62" exp="1" sp="1" />
	<dynamic level="63" exp="1" sp="1" />
	<dynamic level="64" exp="1" sp="1" />
	<dynamic level="65" exp="1" sp="1" />
	<dynamic level="66" exp="1" sp="1" />
	<dynamic level="67" exp="1" sp="1" />
	<dynamic level="68" exp="1" sp="1" />
	<dynamic level="69" exp="1" sp="1" />
	<dynamic level="70" exp="1" sp="1" />
	<dynamic level="71" exp="1" sp="1" />
	<dynamic level="72" exp="1" sp="1" />
	<dynamic level="73" exp="1" sp="1" />
	<dynamic level="74" exp="1" sp="1" />
	<dynamic level="75" exp="1" sp="1" />
	<dynamic level="76" exp="1" sp="1" />
	<dynamic level="77" exp="1" sp="1" />
	<dynamic level="78" exp="1" sp="1" />
	<dynamic level="79" exp="1" sp="1" />
	<dynamic level="80" exp="1" sp="1" />
	<dynamic level="81" exp="1" sp="1" />
</list>