﻿<?xml version="1.0" encoding="UTF-8"?>
<list xmlns:xsi="http://www.w3.org/2001/XMLSchema-instance" xsi:noNamespaceSchemaLocation="../xsd/buylist.xsd">
	<item id="80" price="0" /> <!-- Tallum Blade -->
	<item id="85" price="0" /> <!-- Phantom Sword -->
	<item id="147" price="0" /> <!-- Tear of Darkness -->
	<item id="149" price="0" /> <!-- Sword of Life -->
	<item id="150" price="0" /> <!-- Elemental Sword -->
	<item id="151" price="0" /> <!-- Sword of Miracles -->
	<item id="2500" price="0" /> <!-- Dark Legion's Edge -->
	<item id="4720" price="0" /> <!-- Tallum Blade - Health -->
	<item id="4721" price="0" /> <!-- Tallum Blade - Rsk. Evasion -->
	<item id="4722" price="0" /> <!-- Tallum Blade - Rsk. Haste -->
	<item id="5635" price="0" /> <!-- Tallum Blade - Critical Poison -->
	<item id="5636" price="0" /> <!-- Tallum Blade - Haste -->
	<item id="5637" price="0" /> <!-- Tallum Blade - Anger -->
	<item id="5638" price="0" /> <!-- Elemental Sword - Magic Power -->
	<item id="5639" price="0" /> <!-- Elemental Sword - Magic Paralyze -->
	<item id="5640" price="0" /> <!-- Elemental Sword - Empower -->
	<item id="5641" price="0" /> <!-- Sword of Miracles - Magic Power -->
	<item id="5642" price="0" /> <!-- Sword of Miracles - Magic Silence -->
	<item id="5643" price="0" /> <!-- Sword of Miracles - Acumen -->
	<item id="5647" price="0" /> <!-- Dark Legion's Edge - Critical Damage -->
	<item id="5648" price="0" /> <!-- Dark Legion's Edge - Health -->
	<item id="5649" price="0" /> <!-- Dark Legion's Edge - Rsk. Focus -->
</list>
