﻿<?xml version="1.0" encoding="UTF-8"?>
<list xmlns:xsi="http://www.w3.org/2001/XMLSchema-instance" xsi:noNamespaceSchemaLocation="../xsd/buylist.xsd">
	<item id="8531" price="0" /> <!-- For Monsters Only (Bone Staff) -->
	<item id="8533" price="0" /> <!-- For Monsters Only (Crimson Sword) -->
	<item id="8528" price="0" /> <!-- For Monsters Only (Doom Hammer) -->
	<item id="8529" price="0" /> <!-- For Monsters Only (Knife) -->
	<item id="8532" price="0" /> <!-- For Monsters Only (Spinebone Sword) -->
	<item id="8530" price="0" /> <!-- For Monsters Only (Squire's Sword) -->
	<item id="8527" price="0" /> <!-- For Monsters Only (Strengthened Bow) -->
	<item id="8204" price="0" /> <!-- Monster Only (Follower of Frintezza Calibur) -->
	<item id="8222" price="0" /> <!-- Monster Only (Follower of Frintezza Tran Calibur) -->
	<item id="8220" price="0" /> <!-- Monster Only (Apostle Grail Bow) -->
	<item id="8221" price="0" /> <!-- Monster Only (Apostle Grail Spear) -->
	<item id="8205" price="0" /> <!-- Monster Only (Heretic Priest Sickle) -->
	<item id="8206" price="0" /> <!-- Monster Only (Heretic Priest Sword) -->
	<item id="8207" price="0" /> <!-- Monster Only (Heretic Private Axe) -->
	<item id="8208" price="0" /> <!-- Monster Only (Heretic Private Staff) -->
	<item id="8209" price="0" /> <!-- Monster Only (Lidia Von Helmann Sword) -->
	<item id="8211" price="0" /> <!-- Monster Only (Monk Warrior Sword) -->
	<item id="6917" price="0" /> <!-- Monster Only (Poison Sting) -->
	<item id="8212" price="0" /> <!-- Monster Only (Solina Brother Mace) -->
	<item id="8213" price="0" /> <!-- Monster Only (Solina Father Mace) -->
	<item id="8214" price="0" /> <!-- Monster Only (Solina Priest Pole) -->
	<item id="8203" price="0" /> <!-- Monster Only (Venom Sword) -->
	<item id="8216" price="0" /> <!-- Monster Only (Zombie Enlisted Man Claw) -->
	<item id="8215" price="0" /> <!-- Monster Only (Zombie Enlisted Man Sword) -->
	<item id="8217" price="0" /> <!-- Monster Only (Zombie Gateguard Spear) -->
	<item id="8218" price="0" /> <!-- Monster Only (Zombie Laborer Axe) -->
	<item id="8219" price="0" /> <!-- Monster Only (Zombie Laborer Sword) -->
	<item id="6722" price="0" /> <!-- Monster Only(Ahrimanes) -->
	<item id="6718" price="0" /> <!-- Monster Only(Einhasad Shaman) -->
	<item id="6717" price="0" /> <!-- Monster Only(Einhasad Warrior) -->
	<item id="6719" price="0" /> <!-- Monster Only(Ketra Orc Chieftain) -->
	<item id="6720" price="0" /> <!-- Monster Only(Shadow of Halisha) -->
	<item id="6715" price="0" /> <!-- Monster Only(Silenos Archer) -->
	<item id="6716" price="0" /> <!-- Monster Only(Silenos Shaman) -->
	<item id="6723" price="0" /> <!-- Monster Only(Vampire Warrior) -->
	<item id="5791" price="0" /> <!-- Tomb Guard A -->
	<item id="5792" price="0" /> <!-- Tomb Guard B -->
	<item id="5793" price="0" /> <!-- Tomb Savant A -->
	<item id="5794" price="0" /> <!-- Tomb Savant B -->
	<item id="5795" price="0" /> <!-- Tomb Guard A -->
	<item id="5796" price="0" /> <!-- Tomb Guard B -->
	<item id="5797" price="0" /> <!-- Tomb Savant A -->
	<item id="5798" price="0" /> <!-- Tomb Savant B -->
	<item id="5799" price="0" /> <!-- Nephilim Lord -->
	<item id="5800" price="0" /> <!-- Nephilim Lord -->
	<item id="5801" price="0" /> <!-- Dusk -->
	<item id="5802" price="0" /> <!-- Dawn -->
	<item id="5817" price="0" /> <!-- Chrono Campana -->
</list>
