﻿<?xml version="1.0" encoding="UTF-8"?>
<list xmlns:xsi="http://www.w3.org/2001/XMLSchema-instance" xsi:noNamespaceSchemaLocation="../xsd/buylist.xsd">
	<item id="3500" price="0" /> <!-- Dragonflute of Wind -->
	<item id="3501" price="0" /> <!-- Dragonflute of Star -->
	<item id="3502" price="0" /> <!-- Dragonflute of Twilight -->
	<item id="4422" price="0" /> <!-- Dragon Bugle of Wind -->
	<item id="4423" price="0" /> <!-- Dragon Bugle of Star -->
	<item id="4424" price="0" /> <!-- Dragon Bugle of Dusk -->
	<item id="6648" price="0" /> <!-- Baby Buffalo Panpipe -->
	<item id="6649" price="0" /> <!-- Baby Cougar Chime -->
	<item id="6650" price="0" /> <!-- Baby Kookaburra Ocarina -->
	<item id="2375" price="0" /> <!-- Wolf Collar -->
</list>
