﻿<?xml version="1.0" encoding="UTF-8"?>
<list xmlns:xsi="http://www.w3.org/2001/XMLSchema-instance" xsi:noNamespaceSchemaLocation="../xsd/buylist.xsd">
	<item id="6834" price="0" /> <!-- Circlet of Innadril -->
	<item id="6835" price="0" /> <!-- Circlet of Dion -->
	<item id="6836" price="0" /> <!-- Circlet of Goddard -->
	<item id="6837" price="0" /> <!-- Circlet of Oren -->
	<item id="6838" price="0" /> <!-- Circlet of Gludio -->
	<item id="6839" price="0" /> <!-- Circlet of Giran -->
	<item id="6840" price="0" /> <!-- Circlet of Aden -->
	<item id="8182" price="0" /> <!-- Circlet of Rune -->
	<item id="8183" price="0" /> <!-- Circlet of Schuttgart -->
	<item id="6841" price="0" /> <!-- The Lord's Crown -->
</list>
