﻿<?xml version="1.0" encoding="UTF-8"?>
<list xmlns:xsi="http://www.w3.org/2001/XMLSchema-instance" xsi:noNamespaceSchemaLocation="../xsd/buylist.xsd">
	<item id="4629" price="0" /> <!-- Red Soul Crystal -->
	<item id="4630" price="0" /> <!-- Red Soul Crystal - Stage 1 -->
	<item id="4631" price="0" /> <!-- Red Soul Crystal - Stage 2 -->
	<item id="4632" price="0" /> <!-- Red Soul Crystal - Stage 3 -->
	<item id="4633" price="0" /> <!-- Red Soul Crystal - Stage 4 -->
	<item id="4634" price="0" /> <!-- Red Soul Crystal - Stage 5 -->
	<item id="4635" price="0" /> <!-- Red Soul Crystal - Stage 6 -->
	<item id="4636" price="0" /> <!-- Red Soul Crystal - Stage 7 -->
	<item id="4637" price="0" /> <!-- Red Soul Crystal - Stage 8 -->
	<item id="4638" price="0" /> <!-- Red Soul Crystal - Stage 9 -->
	<item id="4639" price="0" /> <!-- Red Soul Crystal - Stage 10 -->
	<item id="5577" price="0" /> <!-- Red Soul Crystal - Stage 11 -->
	<item id="5580" price="0" /> <!-- Red Soul Crystal - Stage 12 -->
	<item id="5908" price="0" /> <!-- Red Soul Crystal: Grade 13 -->
	<item id="4640" price="0" /> <!-- Green Soul Crystal -->
	<item id="4641" price="0" /> <!-- Green Soul Crystal - Stage 1 -->
	<item id="4642" price="0" /> <!-- Green Soul Crystal - Stage 2 -->
	<item id="4643" price="0" /> <!-- Green Soul Crystal - Stage 3 -->
	<item id="4644" price="0" /> <!-- Green Soul Crystal - Stage 4 -->
	<item id="4645" price="0" /> <!-- Green Soul Crystal - Stage 5 -->
	<item id="4646" price="0" /> <!-- Green Soul Crystal - Stage 6 -->
	<item id="4647" price="0" /> <!-- Green Soul Crystal - Stage 7 -->
	<item id="4648" price="0" /> <!-- Green Soul Crystal - Stage 8 -->
	<item id="4649" price="0" /> <!-- Green Soul Crystal - Stage 9 -->
	<item id="4650" price="0" /> <!-- Green Soul Crystal - Stage 10 -->
	<item id="5578" price="0" /> <!-- Green Soul Crystal - Stage 11 -->
	<item id="5581" price="0" /> <!-- Green Soul Crystal - Stage 12 -->
	<item id="5911" price="0" /> <!-- Green Soul Crystal: Grade 13 -->
	<item id="4651" price="0" /> <!-- Blue Soul Crystal -->
	<item id="4652" price="0" /> <!-- Blue Soul Crystal - Stage 1 -->
	<item id="4653" price="0" /> <!-- Blue Soul Crystal - Stage 2 -->
	<item id="4654" price="0" /> <!-- Blue Soul Crystal - Stage 3 -->
	<item id="4655" price="0" /> <!-- Blue Soul Crystal - Stage 4 -->
	<item id="4656" price="0" /> <!-- Blue Soul Crystal - Stage 5 -->
	<item id="4657" price="0" /> <!-- Blue Soul Crystal - Stage 6 -->
	<item id="4658" price="0" /> <!-- Blue Soul Crystal - Stage 7 -->
	<item id="4659" price="0" /> <!-- Blue Soul Crystal - Stage 8 -->
	<item id="4660" price="0" /> <!-- Blue Soul Crystal - Stage 9 -->
	<item id="4661" price="0" /> <!-- Blue Soul Crystal - Stage 10 -->
	<item id="5579" price="0" /> <!-- Blue Soul Crystal - Stage 11 -->
	<item id="5582" price="0" /> <!-- Blue Soul Crystal - Stage 12 -->
	<item id="5914" price="0" /> <!-- Blue Soul Crystal: Grade 13 -->
</list>
