﻿<?xml version="1.0" encoding="UTF-8"?>
<list xmlns:xsi="http://www.w3.org/2001/XMLSchema-instance" xsi:noNamespaceSchemaLocation="../xsd/buylist.xsd">
	<item id="290" price="0" /> <!-- The Bow -->
	<item id="6368" price="0" /> <!-- Shining Bow -->
	<item id="6593" price="0" /> <!-- Shining Bow - Cheap Shot -->
	<item id="6594" price="0" /> <!-- Shining Bow - Focus -->
	<item id="6595" price="0" /> <!-- Shining Bow - Crt. Slow -->
	<item id="6619" price="0" /> <!-- Infinity Bow -->
	<item id="7575" price="0" /> <!-- Draconic Bow -->
	<item id="7576" price="0" /> <!-- Draconic Bow - Cheap Shot -->
	<item id="7577" price="0" /> <!-- Draconic Bow - Focus -->
	<item id="7578" price="0" /> <!-- Draconic Bow - Critical Slow -->
	<item id="1345" price="0" /> <!-- Shining Arrow -->
</list>
