<?xml version="1.0" encoding="UTF-8"?>
<list xmlns:xsi="http://www.w3.org/2001/XMLSchema-instance" xsi:noNamespaceSchemaLocation="../xsd/buylist.xsd">
	<item id="9146" price="0" /> <!-- Scroll of Guidance (Event) -->
	<item id="9147" price="0" /> <!-- Scroll of Death Whisper (Event) -->
	<item id="9148" price="0" /> <!-- Scroll of Focus (Event) -->
	<item id="9149" price="0" /> <!-- Scroll of Acumen (Event) -->
	<item id="9150" price="0" /> <!-- Scroll of Haste (Event) -->
	<item id="9151" price="0" /> <!-- Scroll of Agility (Event) -->
	<item id="9152" price="0" /> <!-- Scroll of Empower (Event) -->
	<item id="9153" price="0" /> <!-- Scroll of Might (Event) -->
	<item id="9154" price="0" /> <!-- Scroll of Wind Walk (Event) -->
	<item id="9155" price="0" /> <!-- Scroll of Shield (Event) -->
</list>
