﻿<?xml version="1.0" encoding="UTF-8"?>
<list xmlns:xsi="http://www.w3.org/2001/XMLSchema-instance" xsi:noNamespaceSchemaLocation="../xsd/buylist.xsd">
	<item id="2052" price="0" /> <!-- Mithril Dagger Blade -->
	<item id="2053" price="0" /> <!-- Scallop Jamadhr Edge -->
	<item id="2054" price="0" /> <!-- Light Crossbow Shaft -->
	<item id="2055" price="0" /> <!-- Glaive Edge -->
	<item id="2056" price="0" /> <!-- Vajra Wand Frame -->
	<item id="2057" price="0" /> <!-- Ancient Reagent Remnant -->
	<item id="2058" price="0" /> <!-- Atuba Mace Head -->
	<item id="2059" price="0" /> <!-- Flamberge Blade -->
	<item id="2060" price="0" /> <!-- Stormbringer Blade -->
	<item id="2061" price="0" /> <!-- Big Hammer Head -->
	<item id="2062" price="0" /> <!-- Scythe Edge -->
	<item id="2063" price="0" /> <!-- Battle Axe Head -->
	<item id="2064" price="0" /> <!-- Silver Axe Head -->
	<item id="2065" price="0" /> <!-- Skull Graver Head -->
	<item id="2066" price="0" /> <!-- Heavy Doom Hammer Head -->
	<item id="2067" price="0" /> <!-- Crystal Staff Head -->
	<item id="2068" price="0" /> <!-- Stick of Faith Shaft -->
	<item id="2069" price="0" /> <!-- Heavy Doom Axe Blade -->
	<item id="2070" price="0" /> <!-- Cursed Dagger Blade -->
	<item id="2071" price="0" /> <!-- Wolverine Needle Edge -->
	<item id="2072" price="0" /> <!-- Dark Elven Dagger Edge -->
	<item id="2073" price="0" /> <!-- Chakram Edge -->
	<item id="2074" price="0" /> <!-- Crystallized Ice Bow Shaft -->
	<item id="2075" price="0" /> <!-- Orcish Glaive Blade -->
	<item id="2076" price="0" /> <!-- Body Slasher Blade -->
	<item id="2077" price="0" /> <!-- Shamshir Blade -->
	<item id="2078" price="0" /> <!-- Katana Blade -->
	<item id="2079" price="0" /> <!-- Bec De Corbin Blade -->
	<item id="2080" price="0" /> <!-- Spirit Sword Blade -->
	<item id="2081" price="0" /> <!-- Raid Sword Blade -->
	<item id="2082" price="0" /> <!-- Cursed Staff Head -->
	<item id="2083" price="0" /> <!-- Stiletto Edge -->
	<item id="2084" price="0" /> <!-- Soulfire Dirk Blade -->
	<item id="2085" price="0" /> <!-- Crossbow Shaft -->
	<item id="2086" price="0" /> <!-- Elven Bow of Nobility Shaft -->
	<item id="2087" price="0" /> <!-- Tears of Fairy Drop -->
	<item id="2088" price="0" /> <!-- Horn of Glory Fragment -->
	<item id="2089" price="0" /> <!-- Caliburs Edge -->
	<item id="2090" price="0" /> <!-- Delusional Blade -->
	<item id="2091" price="0" /> <!-- Tsurugi Blade -->
	<item id="2092" price="0" /> <!-- Homunkulus's Sword Blade -->
	<item id="2093" price="0" /> <!-- Poleaxe Blade -->
	<item id="2094" price="0" /> <!-- Sword of Limit Blade -->
	<item id="2095" price="0" /> <!-- Sword of Nightmare Blade -->
	<item id="2096" price="0" /> <!-- Sword of Whispering Death Blade -->
	<item id="2097" price="0" /> <!-- War Axe Blade -->
	<item id="2098" price="0" /> <!-- Nirvana Axe Blade -->
	<item id="2099" price="0" /> <!-- Stick of Eternity Shaft -->
	<item id="2100" price="0" /> <!-- Paradia Staff Head -->
	<item id="2101" price="0" /> <!-- Inferno Staff Head -->
</list>
