﻿<?xml version="1.0" encoding="UTF-8"?>
<list xmlns:xsi="http://www.w3.org/2001/XMLSchema-instance" xsi:noNamespaceSchemaLocation="../xsd/buylist.xsd">
	<item id="2341" price="0" /> <!-- Recipe: Sage's Staff -->
	<item id="2342" price="0" /> <!-- Recipe: Club of Nature -->
	<item id="2343" price="0" /> <!-- Recipe: Mace of the Underworld -->
	<item id="2344" price="0" /> <!-- Recipe: Grace Dagger -->
	<item id="2345" price="0" /> <!-- Recipe: Dark Screamer -->
	<item id="2346" price="0" /> <!-- Recipe: Fisted Blade -->
	<item id="2347" price="0" /> <!-- Recipe: Akat Long Bow -->
	<item id="2348" price="0" /> <!-- Recipe: Heathen's Book -->
	<item id="2349" price="0" /> <!-- Recipe: Hex Doll -->
	<item id="2350" price="0" /> <!-- Recipe: Pa'agrian Axe -->
	<item id="2351" price="0" /> <!-- Recipe: Scorpion -->
	<item id="2352" price="0" /> <!-- Recipe: Widow Maker -->
	<item id="2353" price="0" /> <!-- Recipe: Samurai Longsword -->
	<item id="2354" price="0" /> <!-- Recipe: Deadman's Staff -->
	<item id="2355" price="0" /> <!-- Recipe: Ghoul's Staff -->
	<item id="2356" price="0" /> <!-- Recipe: Demon's Staff -->
	<item id="2357" price="0" /> <!-- Recipe: Crystal Dagger -->
	<item id="2358" price="0" /> <!-- Recipe: Great Pata -->
	<item id="2359" price="0" /> <!-- Recipe: Eminence Bow -->
	<item id="2360" price="0" /> <!-- Recipe: Orcish Poleaxe -->
	<item id="2361" price="0" /> <!-- Recipe: Candle of Wisdom -->
	<item id="2362" price="0" /> <!-- Recipe: Blessed Branch -->
	<item id="2363" price="0" /> <!-- Recipe: Phoenix Feather -->
	<item id="2364" price="0" /> <!-- Recipe: Cerberus Eye -->
	<item id="2365" price="0" /> <!-- Recipe: Scroll of Destruction -->
	<item id="2366" price="0" /> <!-- Recipe: Claws of Black Dragon -->
	<item id="2367" price="0" /> <!-- Recipe: Three Eyed Crow's Feather -->
	<item id="2970" price="0" /> <!-- Recipe: Ring of Binding -->
	<item id="2971" price="0" /> <!-- Recipe: Mithril Scale Gaiters -->
	<item id="2972" price="0" /> <!-- Recipe: Brigandine Gaiters -->
	<item id="2973" price="0" /> <!-- Recipe: Elven Mithril Tunic -->
	<item id="2974" price="0" /> <!-- Recipe: Elven Mithril Stockings -->
	<item id="2975" price="0" /> <!-- Recipe: Brigandine Helmet -->
	<item id="2976" price="0" /> <!-- Recipe: Manticore Skin Boots -->
	<item id="2977" price="0" /> <!-- Recipe: Brigandine Boots -->
	<item id="2978" price="0" /> <!-- Recipe: Elven Mithril Boots -->
	<item id="2979" price="0" /> <!-- Recipe: Manticore Skin Gloves -->
	<item id="2980" price="0" /> <!-- Recipe: Brigandine Gauntlets -->
	<item id="2981" price="0" /> <!-- Recipe: Elven Mithril Gloves -->
	<item id="2982" price="0" /> <!-- Recipe: Brigandine Shield -->
	<item id="2983" price="0" /> <!-- Recipe: Plate Helmet -->
	<item id="2984" price="0" /> <!-- Recipe: Salamander Skin Boots -->
	<item id="2985" price="0" /> <!-- Recipe: Plate Boots -->
	<item id="2986" price="0" /> <!-- Recipe: Sage's Worn Gloves -->
	<item id="2987" price="0" /> <!-- Recipe: Plate Shield -->
	<item id="2988" price="0" /> <!-- Recipe: Tempered Mithril Gaiters -->
	<item id="2989" price="0" /> <!-- Recipe: Chain Hood -->
	<item id="2990" price="0" /> <!-- Recipe: Chain Boots -->
	<item id="2991" price="0" /> <!-- Recipe: Karmian Boots -->
	<item id="2992" price="0" /> <!-- Recipe: Plated Leather Boots -->
</list>
