﻿<?xml version="1.0" encoding="UTF-8"?>
<list xmlns:xsi="http://www.w3.org/2001/XMLSchema-instance" xsi:noNamespaceSchemaLocation="../xsd/buylist.xsd">
	<npcs>
		<npc>35421</npc> <!-- Biggerstaff -->
	</npcs>
	<item id="6902" /> <!-- Pledge Shield -->
	<item id="6316" /> <!-- Food for Wyvern -->
	<item id="1829" count="5" restock_delay="60" /> <!-- Scroll of Escape: Clan Hall -->
	<item id="5858" count="3" restock_delay="60" /> <!-- Blessed Scroll of Escape: Clan Hall -->
	<item id="5169" count="10" restock_delay="60" /> <!-- Deluxe Food for Strider -->
	<item id="952" count="1" restock_delay="120" /> <!-- Scroll: Enchant Armor (Grade C) -->
	<item id="948" count="1" restock_delay="300" /> <!-- Scroll: Enchant Armor (Grade B) -->
	<item id="730" count="1" restock_delay="1500" /> <!-- Scroll: Enchant Armor (Grade A) -->
	<item id="7134" count="1" restock_delay="60" /> <!-- Scroll of Escape to the Rune Township -->
	<item id="7135" count="1" restock_delay="60" /> <!-- Scroll of Escape to the Town of Schuttgart. -->
	<item id="8645" count="1" restock_delay="120" /> <!-- Recipe: Elixir of Life (S-Grade) (100%) -->
	<item id="8651" count="1" restock_delay="120" /> <!-- Recipe: Elixir of Mental Strength (S-Grade) (100%) -->
	<item id="8751" count="1" restock_delay="120" /> <!-- High-Grade Life Stone: level 70 -->
</list>
