﻿<?xml version="1.0" encoding="UTF-8"?>
<list xmlns:xsi="http://www.w3.org/2001/XMLSchema-instance" xsi:noNamespaceSchemaLocation="../xsd/buylist.xsd">
	<npcs>
		<npc>35405</npc> <!-- Flynn -->
	</npcs>
	<item id="6902" /> <!-- Pledge Shield -->
	<item id="1829" count="5" restock_delay="60" /> <!-- Scroll of Escape: Clan Hall -->
	<item id="5858" count="1" restock_delay="60" /> <!-- Blessed Scroll of Escape: Clan Hall -->
	<item id="5169" count="10" restock_delay="60" /> <!-- Deluxe Food for Strider -->
	<item id="7128" count="1" restock_delay="60" /> <!-- Scroll of Escape to Heine -->
	<item id="7131" count="1" restock_delay="60" /> <!-- Scroll of Escape to Hunters Village -->
	<item id="7585" count="1" restock_delay="120" /> <!-- Pet Exchange Ticket: Kookaburra -->
	<item id="6926" count="1" restock_delay="60" /> <!-- Recipe: Lesser Healing Potion (100%) -->
	<item id="6929" count="1" restock_delay="60" /> <!-- Recipe: Antidote (100%) -->
	<item id="6931" count="1" restock_delay="60" /> <!-- Recipe: Bandage (100%) -->
	<item id="6920" count="1" restock_delay="60" /> <!-- Recipe: Greater Fish Oil (100%) -->
	<item id="7691" count="1" restock_delay="60" /> <!-- Recipe - Maiden's Hairpin (100%) -->
	<item id="6925" count="1" restock_delay="60" /> <!-- Recipe: Monocle (100%) -->
	<item id="6940" count="1" restock_delay="60" /> <!-- Recipe: Facelifting Potion - A (100%) -->
	<item id="6941" count="1" restock_delay="60" /> <!-- Recipe: Facelifting Potion - B (100%) -->
	<item id="6942" count="1" restock_delay="60" /> <!-- Recipe: Facelifting Potion - C (100%) -->
	<item id="6954" count="1" restock_delay="60" /> <!-- Recipe: Dye of STR <Str+1 Con-1> (100%) -->
	<item id="6955" count="1" restock_delay="60" /> <!-- Recipe: Dye of STR <Str+1 Dex-1> (100%) -->
	<item id="6956" count="1" restock_delay="60" /> <!-- Recipe: Dye of CON <Con+1 Str-1> (100%) -->
	<item id="6957" count="1" restock_delay="60" /> <!-- Recipe: Dye of CON <Con+1 Dex-1> (100%) -->
	<item id="6958" count="1" restock_delay="60" /> <!-- Recipe: Dye of DEX <Dex+1 Str-1> (100%) -->
	<item id="6959" count="1" restock_delay="60" /> <!-- Recipe: Dye of DEX <Dex+1 Con-1> (100%) -->
	<item id="6960" count="1" restock_delay="60" /> <!-- Recipe: Dye of INT <Int+1 Men-1> (100%) -->
	<item id="6961" count="1" restock_delay="60" /> <!-- Recipe: Dye of INT <Int+1 Wit-1> (100%) -->
	<item id="6962" count="1" restock_delay="60" /> <!-- Recipe: Dye of MEN <Men+1 Int-1> (100%) -->
	<item id="6963" count="1" restock_delay="60" /> <!-- Recipe: Dye of MEN <Men+1 Wit-1> (100%) -->
	<item id="6964" count="1" restock_delay="60" /> <!-- Recipe: Dye of WIT<Wit+1 Int-1> (100%) -->
	<item id="6965" count="1" restock_delay="60" /> <!-- Recipe: Dye of WIT<Wit+1 Men-1> (100%) -->
	<item id="8643" count="1" restock_delay="120" /> <!-- Recipe: Elixir of Life (B-Grade) (100%) -->
	<item id="8648" count="1" restock_delay="120" /> <!-- Recipe: Elixir of Mental Strength (C-Grade) (100%) -->
	<item id="952" count="1" restock_delay="120" /> <!-- Scroll: Enchant Armor (Grade C) -->
</list>
