﻿<?xml version="1.0" encoding="UTF-8"?>
<list xmlns:xsi="http://www.w3.org/2001/XMLSchema-instance" xsi:noNamespaceSchemaLocation="../xsd/buylist.xsd">
	<npcs>
		<npc>35316</npc> <!-- Neurath -->
	</npcs>
	<item id="6316" /> <!-- Food for Wyvern -->
	<item id="7015" /> <!-- Shield of Castle Pledge -->
	<item id="6834" /> <!-- Circlet of Innadril -->
	<item id="8751" count="1" restock_delay="120" /> <!-- High-Grade Life Stone: level 70 -->
	<item id="8752" count="1" restock_delay="240" /> <!-- High-Grade Life Stone: level 76 -->
	<item id="8761" count="1" restock_delay="360" /> <!-- Top-Grade Life Stone: level 70 -->
	<item id="8762" count="1" restock_delay="720" /> <!-- Top-Grade Life Stone: level 76 -->
</list>
