<?xml version="1.0" encoding="UTF-8"?>
<list xmlns:xsi="http://www.w3.org/2001/XMLSchema-instance" xsi:noNamespaceSchemaLocation="../xsd/buylist.xsd">
	<npcs>
		<npc>35511</npc> <!-- Gompus -->
	</npcs>
	<item id="8008" price="132000" /> <!-- Greater Recruit Posting Ticket (Sword/Stationary) -->
	<item id="8009" price="276000" /> <!-- Greater Recruit Posting Ticket (Spear/Stationary) -->
	<item id="8010" price="276000" /> <!-- Greater Recruit Posting Ticket (Bow/Stationary) -->
	<item id="8011" price="115000" /> <!-- Greater Recruit Posting Ticket (Cleric/Stationary) -->
	<item id="8012" price="115000" /> <!-- Greater Recruit Posting Ticket (Wizard/Stationary) -->
	<item id="8013" price="132000" /> <!-- Greater Recruit Posting Ticket (Sword/Mobile) -->
	<item id="8014" price="276000" /> <!-- Greater Recruit Posting Ticket (Spear/Mobile) -->
	<item id="8015" price="276000" /> <!-- Greater Recruit Posting Ticket (Bow/Mobile) -->
	<item id="8016" price="115000" /> <!-- Greater Recruit Posting Ticket (Cleric/Mobile) -->
	<item id="8017" price="115000" /> <!-- Greater Recruit Posting Ticket (Wizard/Mobile) -->
	<item id="8018" price="72000" /> <!-- Recruit Posting Ticket (Sword/Stationary) -->
	<item id="8019" price="180000" /> <!-- Recruit Posting Ticket (Spear/Stationary) -->
	<item id="8020" price="180000" /> <!-- Recruit Posting Ticket (Bow/Stationary) -->
	<item id="8021" price="75000" /> <!-- Recruit Posting Ticket (Cleric/Stationary) -->
	<item id="8022" price="75000" /> <!-- Recruit Posting Ticket (Wizard/Stationary) -->
	<item id="8023" price="72000" /> <!-- Recruit Posting Ticket (Sword/Mobile) -->
	<item id="8024" price="180000" /> <!-- Recruit Posting Ticket (Spear/Mobile) -->
	<item id="8025" price="180000" /> <!-- Recruit Posting Ticket (Bow/Mobile) -->
	<item id="8026" price="3000000" /> <!-- Recruit Posting Ticket (Cleric/Mobile) -->
	<item id="8027" price="6000000" /> <!-- Recruit Posting Ticket (Wizard/Mobile) -->
</list>
