<?xml version="1.0" encoding="UTF-8"?>
<list xmlns:xsi="http://www.w3.org/2001/XMLSchema-instance" xsi:noNamespaceSchemaLocation="../xsd/buylist.xsd">
	<npcs>
		<npc>35511</npc> <!-- Gompus -->
	</npcs>
	<item id="7998" price="240000" /> <!-- Dawn Mercenary Posting Ticket (Sword/Stationary) -->
	<item id="7999" price="420000" /> <!-- Dawn Mercenary Posting Ticket (Spear/Stationary) -->
	<item id="8000" price="420000" /> <!-- Dawn Mercenary Posting Ticket (Bow/Stationary) -->
	<item id="8001" price="175000" /> <!-- Dawn Mercenary Posting Ticket (Cleric/Stationary) -->
	<item id="8002" price="204000" /> <!-- Dawn Mercenary Posting Ticket (Wizard/Stationary) -->
	<item id="8003" price="240000" /> <!-- Dawn Mercenary Posting Ticket (Sword/Mobile) -->
	<item id="8004" price="420000" /> <!-- Dawn Mercenary Posting Ticket (Spear/Mobile) -->
	<item id="8005" price="420000" /> <!-- Dawn Mercenary Posting Ticket (Bow/Mobile) -->
	<item id="8006" price="175000" /> <!-- Dawn Mercenary Posting Ticket (Cleric/Mobile) -->
	<item id="8007" price="175000" /> <!-- Dawn Mercenary Posting Ticket (Wizard/Mobile) -->
</list>
