﻿<?xml version="1.0" encoding="UTF-8"?>
<list xmlns:xsi="http://www.w3.org/2001/XMLSchema-instance" xsi:noNamespaceSchemaLocation="../xsd/buylist.xsd">
	<npcs>
		<npc>30088</npc> <!-- Radia -->
	</npcs>
	<item id="412" /> <!-- Cotton Pants -->
	<item id="390" /> <!-- Cotton Shirt -->
	<item id="24" /> <!-- Bone Breastplate -->
	<item id="31" /> <!-- Bone Gaiters -->
	<item id="25" /> <!-- Piece Bone Breastplate -->
	<item id="26" /> <!-- Bronze Breastplate -->
	<item id="33" /> <!-- Hard Leather Gaiters -->
	<item id="32" /> <!-- Piece Bone Gaiters -->
	<item id="27" /> <!-- Hard Leather Shirt -->
	<item id="34" /> <!-- Bronze Gaiters -->
	<item id="413" /> <!-- Puma Skin Gaiters -->
	<item id="347" /> <!-- Ring Mail Breastplate -->
	<item id="391" /> <!-- Puma Skin Shirt -->
	<item id="376" /> <!-- Iron Plate Gaiters -->
	<item id="414" /> <!-- Lion Skin Gaiters -->
	<item id="392" /> <!-- Lion Skin Shirt -->
	<item id="348" /> <!-- Scale Mail -->
	<item id="349" /> <!-- Compound Scale Mail -->
	<item id="350" /> <!-- Dwarven Scale Mail -->
	<item id="58" /> <!-- Mithril Breastplate -->
	<item id="59" /> <!-- Mithril Gaiters -->
	<item id="416" /> <!-- Reinforced Leather Gaiters -->
	<item id="377" /> <!-- Scale Gaiters -->
	<item id="351" /> <!-- Blast Plate -->
	<item id="378" /> <!-- Compound Scale Gaiters -->
	<item id="379" /> <!-- Dwarven Scale Gaiters -->
	<item id="393" /> <!-- Mithril Banded Mail -->
	<item id="415" /> <!-- Mithril Banded Gaiters -->
	<item id="394" /> <!-- Reinforced Leather Shirt -->
	<item id="2378" /> <!-- Brigandine Gaiters -->
	<item id="352" /> <!-- Brigandine Tunic -->
	<item id="395" /> <!-- Manticore Skin Shirt -->
	<item id="417" /> <!-- Manticore Skin Gaiters -->
	<item id="102" /> <!-- Round Shield -->
	<item id="625" /> <!-- Bone Shield -->
	<item id="626" /> <!-- Bronze Shield -->
	<item id="627" /> <!-- Aspis -->
	<item id="628" /> <!-- Hoplon -->
	<item id="629" /> <!-- Kite Shield -->
	<item id="50" /> <!-- Leather Gloves -->
	<item id="51" /> <!-- Bracer -->
	<item id="604" /> <!-- Crafted Leather Gloves -->
	<item id="605" /> <!-- Leather Gauntlets -->
	<item id="63" /> <!-- Gauntlets -->
	<item id="606" /> <!-- Rip Gauntlets -->
	<item id="38" /> <!-- Low Boots -->
	<item id="39" /> <!-- Boots -->
	<item id="40" /> <!-- Leather Boots -->
	<item id="1123" /> <!-- Blue Buckskin Boots -->
	<item id="553" /> <!-- Iron Boots -->
	<item id="1124" /> <!-- Boots of Power -->
	<item id="44" /> <!-- Leather Helmet -->
	<item id="1148" /> <!-- Hard Leather Helmet -->
	<item id="45" /> <!-- Bone Helmet -->
	<item id="46" /> <!-- Bronze Helmet -->
	<item id="47" /> <!-- Helmet -->
</list>
