﻿<?xml version="1.0" encoding="UTF-8"?>
<list xmlns:xsi="http://www.w3.org/2001/XMLSchema-instance" xsi:noNamespaceSchemaLocation="../xsd/buylist.xsd">
	<npcs>
		<npc>30147</npc> <!-- Unoren -->
	</npcs>
	<item id="1" /> <!-- Short Sword -->
	<item id="4" /> <!-- Club -->
	<item id="11" /> <!-- Bone Dagger -->
	<item id="13" /> <!-- Short Bow -->
	<item id="3" /> <!-- Broadsword -->
	<item id="152" /> <!-- Heavy Chisel -->
	<item id="12" /> <!-- Knife -->
	<item id="215" /> <!-- Doom Dagger -->
	<item id="14" /> <!-- Bow -->
	<item id="5" /> <!-- Mace -->
	<item id="153" /> <!-- Sickle -->
	<item id="1333" /> <!-- Brandish -->
	<item id="66" /> <!-- Gladius -->
	<item id="67" /> <!-- Orcish Sword -->
	<item id="122" /> <!-- Handmade Sword -->
	<item id="154" /> <!-- Dwarven Mace -->
	<item id="216" /> <!-- Dirk -->
	<item id="271" /> <!-- Hunting Bow -->
	<item id="2" /> <!-- Long Sword -->
	<item id="218" /> <!-- Throwing Knife -->
	<item id="272" /> <!-- Forest Bow -->
	<item id="15" /> <!-- Short Spear -->
	<item id="5284" /> <!-- Zweihander -->
</list>
