﻿<?xml version="1.0" encoding="UTF-8"?>
<list xmlns:xsi="http://www.w3.org/2001/XMLSchema-instance" xsi:noNamespaceSchemaLocation="../xsd/buylist.xsd">
	<npcs>
		<npc>30165</npc> <!-- Ralford -->
	</npcs>
	<item id="1835" /> <!-- Soulshot: No Grade -->
	<item id="2509" /> <!-- Spiritshot: No Grade -->
	<item id="3947" /> <!-- Blessed Spiritshot: No Grade -->
	<item id="5146" /> <!-- Compressed Package of Blessed Spiritshots: No Grade -->
	<item id="5140" /> <!-- Compressed Package of Spiritshots: No Grade -->
	<item id="5134" /> <!-- Compressed Package of Soulshots: No Grade -->
	<item id="5262" /> <!-- Greater Compressed Package of Blessed Spiritshots: No-grade -->
	<item id="5256" /> <!-- Greater Compressed Package of Spiritshots: No-grade -->
	<item id="5250" /> <!-- Greater Compressed Package of Soulshots: No-grade -->
	<item id="17" /> <!-- Wooden Arrow -->
	<item id="1341" /> <!-- Bone Arrow -->
	<item id="1342" /> <!-- Fine Steel Arrow -->
	<item id="1060" /> <!-- Lesser Healing Potion -->
	<item id="1061" /> <!-- Healing Potion -->
	<item id="1831" /> <!-- Antidote -->
	<item id="1832" /> <!-- Greater Antidote -->
	<item id="1833" /> <!-- Bandage -->
	<item id="1834" /> <!-- Emergency Dressing -->
	<item id="734" /> <!-- Haste Potion -->
	<item id="735" /> <!-- Potion of Alacrity -->
	<item id="6035" /> <!-- Magic Haste Potion -->
	<item id="6037" /> <!-- Waking Scroll -->
	<item id="736" /> <!-- Scroll of Escape -->
	<item id="737" /> <!-- Scroll of Resurrection -->
	<item id="1829" /> <!-- Scroll of Escape: Clan Hall -->
	<item id="1830" /> <!-- Scroll of Escape: Castle -->
	<item id="5589" /> <!-- Energy Stone -->
	<item id="1661" /> <!-- Thief Key -->
	<item id="8515" /> <!-- Charm of Courage: No Grade -->
	<item id="8516" /> <!-- Charm of Courage: D-Grade -->
	<item id="8517" /> <!-- Charm of Courage: C-Grade -->
	<item id="8518" /> <!-- Charm of Courage: B-Grade -->
	<item id="8519" /> <!-- Charm of Courage: A-Grade -->
	<item id="8520" /> <!-- Charm of Courage: S-Grade -->
	<item id="8873" /> <!-- Phoenix Blood -->
	<item id="8874" /> <!-- Einhasad's Holy Water -->
	<item id="8875" /> <!-- Battle Symbol -->
	<item id="8876" /> <!-- Magic Symbol -->
	<item id="4625" /> <!-- Dice (Heart) -->
	<item id="4626" /> <!-- Dice (Spade) -->
	<item id="4627" /> <!-- Dice (Clover) -->
	<item id="4628" /> <!-- Dice (Diamond) -->
</list>
